position,title,result_id,link,snippet,publication_info_summary,publication_info_authors_0_name,publication_info_authors_0_link,publication_info_authors_0_serpapi_scholar_link,publication_info_authors_0_author_id,publication_info_authors_1_name,publication_info_authors_1_link,publication_info_authors_1_serpapi_scholar_link,publication_info_authors_1_author_id,publication_info_authors_2_name,publication_info_authors_2_link,publication_info_authors_2_serpapi_scholar_link,publication_info_authors_2_author_id,publication_info_authors_3_name,publication_info_authors_3_link,publication_info_authors_3_serpapi_scholar_link,publication_info_authors_3_author_id,publication_info_authors_4_name,publication_info_authors_4_link,publication_info_authors_4_serpapi_scholar_link,publication_info_authors_4_author_id,resources_0_title,resources_0_file_format,resources_0_link,inline_links_serpapi_cite_link,inline_links_cited_by_total,inline_links_cited_by_link,inline_links_cited_by_cites_id,inline_links_cited_by_serpapi_scholar_link,inline_links_related_pages_link,inline_links_serpapi_related_pages_link,inline_links_versions_total,inline_links_versions_link,inline_links_versions_cluster_id,inline_links_versions_serpapi_scholar_link,inline_links_cached_page_link,type,inline_links_html_version
0,A monte-carlo aixi approximation,Kx94lyXOheMJ,https://www.jair.org/index.php/jair/article/view/10685,"… AIXI, a Bayesian optimality notion for general reinforcement learning agents. Previously, it has been unclear whether the theory of AIXI … a practical agent can be built from the AIXI theory. …","J Veness, KS Ng, M Hutter, W Uther, D Silver - Journal of Artificial …, 2011 - jair.org",J Veness,https://scholar.google.com/citations?user=_iYrAxEAAAAJ&hl=en&num=20&oi=sra,https://serpapi.com/search.json?author_id=_iYrAxEAAAAJ&engine=google_scholar_author&hl=en,_iYrAxEAAAAJ,KS Ng,https://scholar.google.com/citations?user=4bL3ThUAAAAJ&hl=en&num=20&oi=sra,https://serpapi.com/search.json?author_id=4bL3ThUAAAAJ&engine=google_scholar_author&hl=en,4bL3ThUAAAAJ,M Hutter,https://scholar.google.com/citations?user=7hmCntEAAAAJ&hl=en&num=20&oi=sra,https://serpapi.com/search.json?author_id=7hmCntEAAAAJ&engine=google_scholar_author&hl=en,7hmCntEAAAAJ,W Uther,https://scholar.google.com/citations?user=-qvphmUAAAAJ&hl=en&num=20&oi=sra,https://serpapi.com/search.json?author_id=-qvphmUAAAAJ&engine=google_scholar_author&hl=en,-qvphmUAAAAJ,D Silver,https://scholar.google.com/citations?user=-8DNE4UAAAAJ&hl=en&num=20&oi=sra,https://serpapi.com/search.json?author_id=-8DNE4UAAAAJ&engine=google_scholar_author&hl=en,-8DNE4UAAAAJ,jair.org,PDF,https://www.jair.org/index.php/jair/article/download/10685/25533/,https://serpapi.com/search.json?engine=google_scholar_cite&hl=en&q=Kx94lyXOheMJ,221.0,"https://scholar.google.com/scholar?cites=16394736679362502443&as_sdt=80005&sciodt=0,11&hl=en&num=20",16394736679362502443,https://serpapi.com/search.json?as_sdt=80005&cites=16394736679362502443&engine=google_scholar&hl=en&num=20,"https://scholar.google.com/scholar?q=related:Kx94lyXOheMJ:scholar.google.com/&scioq=aixi&hl=en&num=20&as_sdt=0,11",https://serpapi.com/search.json?as_sdt=0%2C11&engine=google_scholar&hl=en&num=20&q=related%3AKx94lyXOheMJ%3Ascholar.google.com%2F&start=0,28.0,"https://scholar.google.com/scholar?cluster=16394736679362502443&hl=en&num=20&as_sdt=0,11",16394736679362502443,https://serpapi.com/search.json?as_sdt=0%2C11&cluster=16394736679362502443&engine=google_scholar&hl=en&num=20,"https://scholar.googleusercontent.com/scholar?q=cache:Kx94lyXOheMJ:scholar.google.com/+aixi&hl=en&num=20&as_sdt=0,11",,
1,A gentle introduction to the universal algorithmic agent AIXI,Hg-qF1NmLsIJ,https://www.researchgate.net/profile/Marcus-Hutter/publication/228851452_A_gentle_introduction_to_the_universal_algorithmic_agent_AIXI/links/0fcfd513fb2bb4148d000000/A-gentle-introduction-to-the-universal-algorithmic-agent-AIXI.pdf,… Chapter 5: We show how a number of AI problem classes fit into the general AIXI model. … the problems are solved by AIXI. Chapter 6: The major drawback of AIXI is that it is incomputable…,"M Hutter - Artificial General Intelligence, 2003 - researchgate.net",M Hutter,https://scholar.google.com/citations?user=7hmCntEAAAAJ&hl=en&num=20&oi=sra,https://serpapi.com/search.json?author_id=7hmCntEAAAAJ&engine=google_scholar_author&hl=en,7hmCntEAAAAJ,,,,,,,,,,,,,,,,,researchgate.net,PDF,https://www.researchgate.net/profile/Marcus-Hutter/publication/228851452_A_gentle_introduction_to_the_universal_algorithmic_agent_AIXI/links/0fcfd513fb2bb4148d000000/A-gentle-introduction-to-the-universal-algorithmic-agent-AIXI.pdf,https://serpapi.com/search.json?engine=google_scholar_cite&hl=en&q=Hg-qF1NmLsIJ,18.0,"https://scholar.google.com/scholar?cites=13992233599352049438&as_sdt=80005&sciodt=0,11&hl=en&num=20",13992233599352049438,https://serpapi.com/search.json?as_sdt=80005&cites=13992233599352049438&engine=google_scholar&hl=en&num=20,"https://scholar.google.com/scholar?q=related:Hg-qF1NmLsIJ:scholar.google.com/&scioq=aixi&hl=en&num=20&as_sdt=0,11",https://serpapi.com/search.json?as_sdt=0%2C11&engine=google_scholar&hl=en&num=20&q=related%3AHg-qF1NmLsIJ%3Ascholar.google.com%2F&start=0,3.0,"https://scholar.google.com/scholar?cluster=13992233599352049438&hl=en&num=20&as_sdt=0,11",13992233599352049438,https://serpapi.com/search.json?as_sdt=0%2C11&cluster=13992233599352049438&engine=google_scholar&hl=en&num=20,"https://scholar.googleusercontent.com/scholar?q=cache:Hg-qF1NmLsIJ:scholar.google.com/+aixi&hl=en&num=20&as_sdt=0,11",Pdf,
2,Reinforcement learning via AIXI approximation,E43KFfGjZ64J,https://ojs.aaai.org/index.php/AAAI/article/view/7667,"This paper introduces a principled approach for the design of a scalable general reinforcement learning agent. This approach is based on a direct approximation of AIXI, a Bayesian …","J Veness, KS Ng, M Hutter, D Silver - Proceedings of the AAAI …, 2010 - ojs.aaai.org",J Veness,https://scholar.google.com/citations?user=_iYrAxEAAAAJ&hl=en&num=20&oi=sra,https://serpapi.com/search.json?author_id=_iYrAxEAAAAJ&engine=google_scholar_author&hl=en,_iYrAxEAAAAJ,KS Ng,https://scholar.google.com/citations?user=4bL3ThUAAAAJ&hl=en&num=20&oi=sra,https://serpapi.com/search.json?author_id=4bL3ThUAAAAJ&engine=google_scholar_author&hl=en,4bL3ThUAAAAJ,M Hutter,https://scholar.google.com/citations?user=7hmCntEAAAAJ&hl=en&num=20&oi=sra,https://serpapi.com/search.json?author_id=7hmCntEAAAAJ&engine=google_scholar_author&hl=en,7hmCntEAAAAJ,D Silver,https://scholar.google.com/citations?user=-8DNE4UAAAAJ&hl=en&num=20&oi=sra,https://serpapi.com/search.json?author_id=-8DNE4UAAAAJ&engine=google_scholar_author&hl=en,-8DNE4UAAAAJ,,,,,aaai.org,PDF,https://ojs.aaai.org/index.php/AAAI/article/view/7667/7528,https://serpapi.com/search.json?engine=google_scholar_cite&hl=en&q=E43KFfGjZ64J,32.0,"https://scholar.google.com/scholar?cites=12567193541048700179&as_sdt=80005&sciodt=0,11&hl=en&num=20",12567193541048700179,https://serpapi.com/search.json?as_sdt=80005&cites=12567193541048700179&engine=google_scholar&hl=en&num=20,"https://scholar.google.com/scholar?q=related:E43KFfGjZ64J:scholar.google.com/&scioq=aixi&hl=en&num=20&as_sdt=0,11",https://serpapi.com/search.json?as_sdt=0%2C11&engine=google_scholar&hl=en&num=20&q=related%3AE43KFfGjZ64J%3Ascholar.google.com%2F&start=0,22.0,"https://scholar.google.com/scholar?cluster=12567193541048700179&hl=en&num=20&as_sdt=0,11",12567193541048700179,https://serpapi.com/search.json?as_sdt=0%2C11&cluster=12567193541048700179&engine=google_scholar&hl=en&num=20,"https://scholar.googleusercontent.com/scholar?q=cache:E43KFfGjZ64J:scholar.google.com/+aixi&hl=en&num=20&as_sdt=0,11",,
3,Slowly varying discrete system xi+ 1= Aixi,1q6uAEUpa54J,https://www.infona.pl/resource/bwmeta1.element.ieee-art-000004234733,"Slowly varying discrete system xi+1=Aixi … Slowly varying discrete system xi+1=Aixi … If all eigenvalues of all matrices Ai (i=0, 1, 2, ...) lie in a disc of radius <1 and if the matrices Ai …","CA Desoer - Electronics letters, 1970 - infona.pl",,,,,,,,,,,,,,,,,,,,,,,,https://serpapi.com/search.json?engine=google_scholar_cite&hl=en&q=1q6uAEUpa54J,163.0,"https://scholar.google.com/scholar?cites=11415263056841584342&as_sdt=80005&sciodt=0,11&hl=en&num=20",11415263056841584342,https://serpapi.com/search.json?as_sdt=80005&cites=11415263056841584342&engine=google_scholar&hl=en&num=20,"https://scholar.google.com/scholar?q=related:1q6uAEUpa54J:scholar.google.com/&scioq=aixi&hl=en&num=20&as_sdt=0,11",https://serpapi.com/search.json?as_sdt=0%2C11&engine=google_scholar&hl=en&num=20&q=related%3A1q6uAEUpa54J%3Ascholar.google.com%2F&start=0,4.0,"https://scholar.google.com/scholar?cluster=11415263056841584342&hl=en&num=20&as_sdt=0,11",11415263056841584342,https://serpapi.com/search.json?as_sdt=0%2C11&cluster=11415263056841584342&engine=google_scholar&hl=en&num=20,"https://scholar.googleusercontent.com/scholar?q=cache:1q6uAEUpa54J:scholar.google.com/+aixi&hl=en&num=20&as_sdt=0,11",,
4,Tribological properties and hydrolysis stability study of benzothiazole borate derivative,X5ddaUd6eDMJ,https://onlinelibrary.wiley.com/doi/abs/10.1002/ls.1230,A novel borate ester derivative containing mercaptobenzothiazol and ethanolamine group (BMB) was synthesised and characterised. Its tribological properties in RSO were evaluated …,"…, X Liping, Q Liang, H Sheng, C Aixi… - Lubrication …, 2014 - Wiley Online Library",,,,,,,,,,,,,,,,,,,,,,,,https://serpapi.com/search.json?engine=google_scholar_cite&hl=en&q=X5ddaUd6eDMJ,28.0,"https://scholar.google.com/scholar?cites=3708848740268611423&as_sdt=80005&sciodt=0,11&hl=en&num=20",3708848740268611423,https://serpapi.com/search.json?as_sdt=80005&cites=3708848740268611423&engine=google_scholar&hl=en&num=20,"https://scholar.google.com/scholar?q=related:X5ddaUd6eDMJ:scholar.google.com/&scioq=aixi&hl=en&num=20&as_sdt=0,11",https://serpapi.com/search.json?as_sdt=0%2C11&engine=google_scholar&hl=en&num=20&q=related%3AX5ddaUd6eDMJ%3Ascholar.google.com%2F&start=0,3.0,"https://scholar.google.com/scholar?cluster=3708848740268611423&hl=en&num=20&as_sdt=0,11",3708848740268611423,https://serpapi.com/search.json?as_sdt=0%2C11&cluster=3708848740268611423&engine=google_scholar&hl=en&num=20,,,
5,Inhibition of Hypoxia-inducible Factor-1 Alpha Radiosensitized MG-63 Human Osteosarcoma Cells in Vitro,sYgIf4UeOrUJ,https://journals.sagepub.com/doi/abs/10.5301/tj.5000243,Aims and background Hypoxia is a fundamental microenvironmental component of osteosarcoma which induces activation of the hypoxia-inducible factor-1 (HIF-1) pathway. …,"Z Jin, Y Aixi, Q Baiwen, L Zonghuan… - Tumori …, 2015 - journals.sagepub.com",,,,,,,,,,,,,,,,,,,,,,,,https://serpapi.com/search.json?engine=google_scholar_cite&hl=en&q=sYgIf4UeOrUJ,21.0,"https://scholar.google.com/scholar?cites=13058783628224923825&as_sdt=80005&sciodt=0,11&hl=en&num=20",13058783628224923825,https://serpapi.com/search.json?as_sdt=80005&cites=13058783628224923825&engine=google_scholar&hl=en&num=20,"https://scholar.google.com/scholar?q=related:sYgIf4UeOrUJ:scholar.google.com/&scioq=aixi&hl=en&num=20&as_sdt=0,11",https://serpapi.com/search.json?as_sdt=0%2C11&engine=google_scholar&hl=en&num=20&q=related%3AsYgIf4UeOrUJ%3Ascholar.google.com%2F&start=0,3.0,"https://scholar.google.com/scholar?cluster=13058783628224923825&hl=en&num=20&as_sdt=0,11",13058783628224923825,https://serpapi.com/search.json?as_sdt=0%2C11&cluster=13058783628224923825&engine=google_scholar&hl=en&num=20,,,
6,Synthesis of a basic imidazolide ionic liquid and its application in catalyzing Knoevenagel condensation,u5e6msP1UEAJ,https://www.sciencedirect.com/science/article/pii/S1872206708600789,A novel basic ionic liquid paired by 1-butyl-3-methylimidazolium cation and imidazolide anion ([bmim]Im) was synthesized and its basicity was investigated. The basicity of [bmim]Im …,"…, S Hongbing, LÜ Yangxiao, W Furong, HU Aixi - Chinese Journal of …, 2008 - Elsevier",,,,,,,,,,,,,,,,,,,,,academia.edu,PDF,https://www.academia.edu/download/50149200/s1872-2067_2808_2960078-920161106-22105-lp64b9.pdf,https://serpapi.com/search.json?engine=google_scholar_cite&hl=en&q=u5e6msP1UEAJ,30.0,"https://scholar.google.com/scholar?cites=4634474237027588027&as_sdt=80005&sciodt=0,11&hl=en&num=20",4634474237027588027,https://serpapi.com/search.json?as_sdt=80005&cites=4634474237027588027&engine=google_scholar&hl=en&num=20,"https://scholar.google.com/scholar?q=related:u5e6msP1UEAJ:scholar.google.com/&scioq=aixi&hl=en&num=20&as_sdt=0,11",https://serpapi.com/search.json?as_sdt=0%2C11&engine=google_scholar&hl=en&num=20&q=related%3Au5e6msP1UEAJ%3Ascholar.google.com%2F&start=0,4.0,"https://scholar.google.com/scholar?cluster=4634474237027588027&hl=en&num=20&as_sdt=0,11",4634474237027588027,https://serpapi.com/search.json?as_sdt=0%2C11&cluster=4634474237027588027&engine=google_scholar&hl=en&num=20,,,
7,Tribological and antioxidation synergistic effect study of sulfonate-modified nano calcium carbonate,aSUwnGjJwpkJ,https://journals.plos.org/plosone/article?id=10.1371/journal.pone.0062050,"<p>A middle base number sulphonate-modified nano calcium carbonate (SMC) with an average size of 35 nm was synthesized, and its tribological and antioxidation synergistic …","H Zhongyi, X Liping, H Sheng, C Aixi, Q Jianwei… - PLoS …, 2013 - journals.plos.org",,,,,,,,,,,,,,,,,,,,,plos.org,PDF,https://journals.plos.org/plosone/article/file?id=10.1371/journal.pone.0062050&type=printable,https://serpapi.com/search.json?engine=google_scholar_cite&hl=en&q=aSUwnGjJwpkJ,17.0,"https://scholar.google.com/scholar?cites=11079639484419024233&as_sdt=80005&sciodt=0,11&hl=en&num=20",11079639484419024233,https://serpapi.com/search.json?as_sdt=80005&cites=11079639484419024233&engine=google_scholar&hl=en&num=20,"https://scholar.google.com/scholar?q=related:aSUwnGjJwpkJ:scholar.google.com/&scioq=aixi&hl=en&num=20&as_sdt=0,11",https://serpapi.com/search.json?as_sdt=0%2C11&engine=google_scholar&hl=en&num=20&q=related%3AaSUwnGjJwpkJ%3Ascholar.google.com%2F&start=0,14.0,"https://scholar.google.com/scholar?cluster=11079639484419024233&hl=en&num=20&as_sdt=0,11",11079639484419024233,https://serpapi.com/search.json?as_sdt=0%2C11&cluster=11079639484419024233&engine=google_scholar&hl=en&num=20,"https://scholar.googleusercontent.com/scholar?q=cache:aSUwnGjJwpkJ:scholar.google.com/+aixi&hl=en&num=20&as_sdt=0,11",,
8,The mood stabilizer valproic acid induces proliferation and myelination of rat Schwann cells,mgfwxm64_UUJ,https://www.sciencedirect.com/science/article/pii/S0168010211001039,"Schwann cells (SCs) within peripheral nerve respond robustly after exposure to neurotrophic factors. Recent results have revealed that valproic acid (VPA), at a clinically relevant …","W Fei, Y Aixi, X Danmou, K Wusheng, P Zhengren… - Neuroscience …, 2011 - Elsevier",,,,,,,,,,,,,,,,,,,,,,,,https://serpapi.com/search.json?engine=google_scholar_cite&hl=en&q=mgfwxm64_UUJ,24.0,"https://scholar.google.com/scholar?cites=5043389943648356250&as_sdt=80005&sciodt=0,11&hl=en&num=20",5043389943648356250,https://serpapi.com/search.json?as_sdt=80005&cites=5043389943648356250&engine=google_scholar&hl=en&num=20,"https://scholar.google.com/scholar?q=related:mgfwxm64_UUJ:scholar.google.com/&scioq=aixi&hl=en&num=20&as_sdt=0,11",https://serpapi.com/search.json?as_sdt=0%2C11&engine=google_scholar&hl=en&num=20&q=related%3Amgfwxm64_UUJ%3Ascholar.google.com%2F&start=0,7.0,"https://scholar.google.com/scholar?cluster=5043389943648356250&hl=en&num=20&as_sdt=0,11",5043389943648356250,https://serpapi.com/search.json?as_sdt=0%2C11&cluster=5043389943648356250&engine=google_scholar&hl=en&num=20,,,
9,The separation of catechol from carbofuran phenol by extractive distillation,65VKbmkxQXEJ,https://www.sciencedirect.com/science/article/pii/S1004954109600306,"In this study, extractive distillation has been applied to separate catechol (CAT) from carbofuran phenol(CFP) with high purity and yield. The relative volatility of CFP to CAT was …","J Zhang, HU Aixi, W Yu, X Xuhui, GUO Jiabin… - Chinese Journal of …, 2009 - Elsevier",,,,,,,,,,,,,,,,,,,,,cip.com.cn,PDF,https://cjche.cip.com.cn/EN/article/downloadArticleFile.do?attachType=PDF&id=1687,https://serpapi.com/search.json?engine=google_scholar_cite&hl=en&q=65VKbmkxQXEJ,18.0,"https://scholar.google.com/scholar?cites=8160858328663758315&as_sdt=80005&sciodt=0,11&hl=en&num=20",8160858328663758315,https://serpapi.com/search.json?as_sdt=80005&cites=8160858328663758315&engine=google_scholar&hl=en&num=20,"https://scholar.google.com/scholar?q=related:65VKbmkxQXEJ:scholar.google.com/&scioq=aixi&hl=en&num=20&as_sdt=0,11",https://serpapi.com/search.json?as_sdt=0%2C11&engine=google_scholar&hl=en&num=20&q=related%3A65VKbmkxQXEJ%3Ascholar.google.com%2F&start=0,9.0,"https://scholar.google.com/scholar?cluster=8160858328663758315&hl=en&num=20&as_sdt=0,11",8160858328663758315,https://serpapi.com/search.json?as_sdt=0%2C11&cluster=8160858328663758315&engine=google_scholar&hl=en&num=20,,,
10,Dynamic Knowledge Injection for AIXI Agents,rZ89RFh1-EkJ,https://ojs.aaai.org/index.php/AAAI/article/view/29575,"… of AIXI, a Bayesian optimality notion for general reinforcement learning, can only approximate AIXI… The DynamicHedgeAIXI agent is the richest direct approximation of AIXI known to date …","S Yang-Zhao, KS Ng, M Hutter - … of the AAAI Conference on Artificial …, 2024 - ojs.aaai.org",S Yang-Zhao,https://scholar.google.com/citations?user=FwtCLh0AAAAJ&hl=en&num=20&oi=sra,https://serpapi.com/search.json?author_id=FwtCLh0AAAAJ&engine=google_scholar_author&hl=en,FwtCLh0AAAAJ,KS Ng,https://scholar.google.com/citations?user=4bL3ThUAAAAJ&hl=en&num=20&oi=sra,https://serpapi.com/search.json?author_id=4bL3ThUAAAAJ&engine=google_scholar_author&hl=en,4bL3ThUAAAAJ,M Hutter,https://scholar.google.com/citations?user=7hmCntEAAAAJ&hl=en&num=20&oi=sra,https://serpapi.com/search.json?author_id=7hmCntEAAAAJ&engine=google_scholar_author&hl=en,7hmCntEAAAAJ,,,,,,,,,aaai.org,PDF,https://ojs.aaai.org/index.php/AAAI/article/view/29575/30966,https://serpapi.com/search.json?engine=google_scholar_cite&hl=en&q=rZ89RFh1-EkJ,1.0,"https://scholar.google.com/scholar?cites=5330139180955443117&as_sdt=80005&sciodt=0,11&hl=en&num=20",5330139180955443117,https://serpapi.com/search.json?as_sdt=80005&cites=5330139180955443117&engine=google_scholar&hl=en&num=20,"https://scholar.google.com/scholar?q=related:rZ89RFh1-EkJ:scholar.google.com/&scioq=aixi&hl=en&num=20&as_sdt=0,11",https://serpapi.com/search.json?as_sdt=0%2C11&engine=google_scholar&hl=en&num=20&q=related%3ArZ89RFh1-EkJ%3Ascholar.google.com%2F&start=0,2.0,"https://scholar.google.com/scholar?cluster=5330139180955443117&hl=en&num=20&as_sdt=0,11",5330139180955443117,https://serpapi.com/search.json?as_sdt=0%2C11&cluster=5330139180955443117&engine=google_scholar&hl=en&num=20,"https://scholar.googleusercontent.com/scholar?q=cache:rZ89RFh1-EkJ:scholar.google.com/+aixi&hl=en&num=20&as_sdt=0,11",,
11,"Synthesis, tribological and hydrolysis stability study of novel benzotriazole borate derivative",7YgvaiDFC1wJ,https://journals.plos.org/plosone/article?id=10.1371/journal.pone.0083501,"Benzotriazole and borate derivatives have long been used as multifunctional additives to lubricants. A novel, environmentally friendly additive borate ester (NHB), which contains boron, …","X Liping, H Zhongyi, Q Liang, M Lin, C Aixi, H Sheng… - PloS one, 2014 - journals.plos.org",,,,,,,,,,,,,,,,,,,,,plos.org,PDF,https://journals.plos.org/plosone/article/file?id=10.1371/journal.pone.0083501&type=printable,https://serpapi.com/search.json?engine=google_scholar_cite&hl=en&q=7YgvaiDFC1wJ,15.0,"https://scholar.google.com/scholar?cites=6632611619244312813&as_sdt=80005&sciodt=0,11&hl=en&num=20",6632611619244312813,https://serpapi.com/search.json?as_sdt=80005&cites=6632611619244312813&engine=google_scholar&hl=en&num=20,"https://scholar.google.com/scholar?q=related:7YgvaiDFC1wJ:scholar.google.com/&scioq=aixi&hl=en&num=20&as_sdt=0,11",https://serpapi.com/search.json?as_sdt=0%2C11&engine=google_scholar&hl=en&num=20&q=related%3A7YgvaiDFC1wJ%3Ascholar.google.com%2F&start=0,12.0,"https://scholar.google.com/scholar?cluster=6632611619244312813&hl=en&num=20&as_sdt=0,11",6632611619244312813,https://serpapi.com/search.json?as_sdt=0%2C11&cluster=6632611619244312813&engine=google_scholar&hl=en&num=20,"https://scholar.googleusercontent.com/scholar?q=cache:7YgvaiDFC1wJ:scholar.google.com/+aixi&hl=en&num=20&as_sdt=0,11",,
12,A Direct Approximation of AIXI Using Logical State Abstractions,SGG8UIN0FQsJ,https://proceedings.neurips.cc/paper_files/paper/2022/hash/ed91353f700d113e5d848c7e04a858b0-Abstract-Conference.html,"… We propose a practical integration of logical state abstraction with AIXI, a Bayesian optimality notion for reinforcement learning agents, to significantly expand the model class that AIXI …","S Yang-Zhao, T Wang, KS Ng - Advances in Neural …, 2022 - proceedings.neurips.cc",S Yang-Zhao,https://scholar.google.com/citations?user=FwtCLh0AAAAJ&hl=en&num=20&oi=sra,https://serpapi.com/search.json?author_id=FwtCLh0AAAAJ&engine=google_scholar_author&hl=en,FwtCLh0AAAAJ,T Wang,https://scholar.google.com/citations?user=OfOGvmUAAAAJ&hl=en&num=20&oi=sra,https://serpapi.com/search.json?author_id=OfOGvmUAAAAJ&engine=google_scholar_author&hl=en,OfOGvmUAAAAJ,KS Ng,https://scholar.google.com/citations?user=4bL3ThUAAAAJ&hl=en&num=20&oi=sra,https://serpapi.com/search.json?author_id=4bL3ThUAAAAJ&engine=google_scholar_author&hl=en,4bL3ThUAAAAJ,,,,,,,,,neurips.cc,PDF,https://proceedings.neurips.cc/paper_files/paper/2022/file/ed91353f700d113e5d848c7e04a858b0-Paper-Conference.pdf,https://serpapi.com/search.json?engine=google_scholar_cite&hl=en&q=SGG8UIN0FQsJ,4.0,"https://scholar.google.com/scholar?cites=798672616272191816&as_sdt=80005&sciodt=0,11&hl=en&num=20",798672616272191816,https://serpapi.com/search.json?as_sdt=80005&cites=798672616272191816&engine=google_scholar&hl=en&num=20,"https://scholar.google.com/scholar?q=related:SGG8UIN0FQsJ:scholar.google.com/&scioq=aixi&hl=en&num=20&as_sdt=0,11",https://serpapi.com/search.json?as_sdt=0%2C11&engine=google_scholar&hl=en&num=20&q=related%3ASGG8UIN0FQsJ%3Ascholar.google.com%2F&start=0,4.0,"https://scholar.google.com/scholar?cluster=798672616272191816&hl=en&num=20&as_sdt=0,11",798672616272191816,https://serpapi.com/search.json?as_sdt=0%2C11&cluster=798672616272191816&engine=google_scholar&hl=en&num=20,"https://scholar.googleusercontent.com/scholar?q=cache:SGG8UIN0FQsJ:scholar.google.com/+aixi&hl=en&num=20&as_sdt=0,11",,
13,Treatment of serious femoral neck fractures with the transposition of vascularized greater trochanter bone flap in young adults,cejbVu3-0UsJ,https://www.thieme-connect.com/products/ejournals/html/10.1055/s-0031-1278709,"Femoral neck fractures in young adults are not uncommon in clinical work. For fresh fractures or old femoral neck fractures of subcapital type or Garden types III to IV, femoris caput …","P Zhenyu, Y Aixi, Y Guo-Rong… - Journal of …, 2011 - thieme-connect.com",,,,,,,,,,,,,,,,,,,,,,,,https://serpapi.com/search.json?engine=google_scholar_cite&hl=en&q=cejbVu3-0UsJ,9.0,"https://scholar.google.com/scholar?cites=5463428118295079025&as_sdt=80005&sciodt=0,11&hl=en&num=20",5463428118295079025,https://serpapi.com/search.json?as_sdt=80005&cites=5463428118295079025&engine=google_scholar&hl=en&num=20,"https://scholar.google.com/scholar?q=related:cejbVu3-0UsJ:scholar.google.com/&scioq=aixi&hl=en&num=20&as_sdt=0,11",https://serpapi.com/search.json?as_sdt=0%2C11&engine=google_scholar&hl=en&num=20&q=related%3AcejbVu3-0UsJ%3Ascholar.google.com%2F&start=0,7.0,"https://scholar.google.com/scholar?cluster=5463428118295079025&hl=en&num=20&as_sdt=0,11",5463428118295079025,https://serpapi.com/search.json?as_sdt=0%2C11&cluster=5463428118295079025&engine=google_scholar&hl=en&num=20,,,
14,On the computability of AIXI,GN4WxQFmLrMJ,https://arxiv.org/abs/1510.05572,"… learning agent AIXI are proposed … AIXI is not limit computable, thus it cannot be approximated using finite computation. Our main result is a limit-computable ε-optimal version of AIXI …","J Leike, M Hutter - arXiv preprint arXiv:1510.05572, 2015 - arxiv.org",J Leike,https://scholar.google.com/citations?user=beiWcokAAAAJ&hl=en&num=20&oi=sra,https://serpapi.com/search.json?author_id=beiWcokAAAAJ&engine=google_scholar_author&hl=en,beiWcokAAAAJ,M Hutter,https://scholar.google.com/citations?user=7hmCntEAAAAJ&hl=en&num=20&oi=sra,https://serpapi.com/search.json?author_id=7hmCntEAAAAJ&engine=google_scholar_author&hl=en,7hmCntEAAAAJ,,,,,,,,,,,,,arxiv.org,PDF,https://arxiv.org/pdf/1510.05572,https://serpapi.com/search.json?engine=google_scholar_cite&hl=en&q=GN4WxQFmLrMJ,9.0,"https://scholar.google.com/scholar?cites=12911369339505401368&as_sdt=80005&sciodt=0,11&hl=en&num=20",12911369339505401368,https://serpapi.com/search.json?as_sdt=80005&cites=12911369339505401368&engine=google_scholar&hl=en&num=20,"https://scholar.google.com/scholar?q=related:GN4WxQFmLrMJ:scholar.google.com/&scioq=aixi&hl=en&num=20&as_sdt=0,11",https://serpapi.com/search.json?as_sdt=0%2C11&engine=google_scholar&hl=en&num=20&q=related%3AGN4WxQFmLrMJ%3Ascholar.google.com%2F&start=0,14.0,"https://scholar.google.com/scholar?cluster=12911369339505401368&hl=en&num=20&as_sdt=0,11",12911369339505401368,https://serpapi.com/search.json?as_sdt=0%2C11&cluster=12911369339505401368&engine=google_scholar&hl=en&num=20,"https://scholar.googleusercontent.com/scholar?q=cache:GN4WxQFmLrMJ:scholar.google.com/+aixi&hl=en&num=20&as_sdt=0,11",,
15,"AIXI, FEP-AI, and integrated world models: Towards a unified understanding of intelligence and consciousness",O1XO9px8W-cJ,https://link.springer.com/chapter/10.1007/978-3-031-28719-0_18,"… was given a formal description in AIXI, a provably-optimal model … AIXI agents use this principle in selecting programs that … connections between FEP-AI and AIXI is beyond the scope of …","A Safron - International Workshop on Active Inference, 2022 - Springer",A Safron,https://scholar.google.com/citations?user=dZOoilgAAAAJ&hl=en&num=20&oi=sra,https://serpapi.com/search.json?author_id=dZOoilgAAAAJ&engine=google_scholar_author&hl=en,dZOoilgAAAAJ,,,,,,,,,,,,,,,,,osf.io,PDF,https://osf.io/preprints/psyarxiv/4qkjp/download,https://serpapi.com/search.json?engine=google_scholar_cite&hl=en&q=O1XO9px8W-cJ,2.0,"https://scholar.google.com/scholar?cites=16671055459239482683&as_sdt=80005&sciodt=0,11&hl=en&num=20",16671055459239482683,https://serpapi.com/search.json?as_sdt=80005&cites=16671055459239482683&engine=google_scholar&hl=en&num=20,"https://scholar.google.com/scholar?q=related:O1XO9px8W-cJ:scholar.google.com/&scioq=aixi&hl=en&num=20&as_sdt=0,11",https://serpapi.com/search.json?as_sdt=0%2C11&engine=google_scholar&hl=en&num=20&q=related%3AO1XO9px8W-cJ%3Ascholar.google.com%2F&start=0,11.0,"https://scholar.google.com/scholar?cluster=16671055459239482683&hl=en&num=20&as_sdt=0,11",16671055459239482683,https://serpapi.com/search.json?as_sdt=0%2C11&cluster=16671055459239482683&engine=google_scholar&hl=en&num=20,,,
16,Principles of Solomonoff induction and AIXI,HUJ4hExZBGAJ,https://link.springer.com/chapter/10.1007/978-3-642-44958-1_30,"… Furthermore, we discuss extensions to the full AI case to derive AIXI. … Here we take a closer look at what principles underlie Solomonoff induction and the AIXI agent. We are …","P Sunehag, M Hutter - … Probability and Friends. Bayesian Prediction and …, 2013 - Springer",P Sunehag,https://scholar.google.com/citations?user=7QcT04EAAAAJ&hl=en&num=20&oi=sra,https://serpapi.com/search.json?author_id=7QcT04EAAAAJ&engine=google_scholar_author&hl=en,7QcT04EAAAAJ,M Hutter,https://scholar.google.com/citations?user=7hmCntEAAAAJ&hl=en&num=20&oi=sra,https://serpapi.com/search.json?author_id=7hmCntEAAAAJ&engine=google_scholar_author&hl=en,7hmCntEAAAAJ,,,,,,,,,,,,,arxiv.org,PDF,https://arxiv.org/pdf/1111.6117,https://serpapi.com/search.json?engine=google_scholar_cite&hl=en&q=HUJ4hExZBGAJ,11.0,"https://scholar.google.com/scholar?cites=6918753112722784797&as_sdt=80005&sciodt=0,11&hl=en&num=20",6918753112722784797,https://serpapi.com/search.json?as_sdt=80005&cites=6918753112722784797&engine=google_scholar&hl=en&num=20,"https://scholar.google.com/scholar?q=related:HUJ4hExZBGAJ:scholar.google.com/&scioq=aixi&hl=en&num=20&as_sdt=0,11",https://serpapi.com/search.json?as_sdt=0%2C11&engine=google_scholar&hl=en&num=20&q=related%3AHUJ4hExZBGAJ%3Ascholar.google.com%2F&start=0,11.0,"https://scholar.google.com/scholar?cluster=6918753112722784797&hl=en&num=20&as_sdt=0,11",6918753112722784797,https://serpapi.com/search.json?as_sdt=0%2C11&cluster=6918753112722784797&engine=google_scholar&hl=en&num=20,,,
17,A computational approximation to the AIXI model,4NJTQM1DCJUJ,https://books.google.com/books?hl=en&lr=&id=a_ZR81Z25z0C&oi=fnd&pg=PA256&dq=aixi&ots=n50Zxty2OI&sig=aD8IvhSLhUyn0Q4X9TI8X2HsbBo,"Universal induction solves in principle the problem of choosing a prior to achieve optimal inductive inference. The AIXI theory, which combines control theory and universal induction, …","S Pankov - FRONTIERS IN ARTIFICIAL INTELLIGENCE AND …, 2008 - books.google.com",,,,,,,,,,,,,,,,,,,,,researchgate.net,PDF,https://www.researchgate.net/profile/Sergey-Pankov/publication/221328965_A_computational_approximation_to_the_AIXI_model/links/61a127a96b9a6f0967074708/A-computational-approximation-to-the-AIXI-model.pdf,https://serpapi.com/search.json?engine=google_scholar_cite&hl=en&q=4NJTQM1DCJUJ,11.0,"https://scholar.google.com/scholar?cites=10738907860291539680&as_sdt=80005&sciodt=0,11&hl=en&num=20",10738907860291539680,https://serpapi.com/search.json?as_sdt=80005&cites=10738907860291539680&engine=google_scholar&hl=en&num=20,"https://scholar.google.com/scholar?q=related:4NJTQM1DCJUJ:scholar.google.com/&scioq=aixi&hl=en&num=20&as_sdt=0,11",https://serpapi.com/search.json?as_sdt=0%2C11&engine=google_scholar&hl=en&num=20&q=related%3A4NJTQM1DCJUJ%3Ascholar.google.com%2F&start=0,5.0,"https://scholar.google.com/scholar?cluster=10738907860291539680&hl=en&num=20&as_sdt=0,11",10738907860291539680,https://serpapi.com/search.json?as_sdt=0%2C11&cluster=10738907860291539680&engine=google_scholar&hl=en&num=20,,,
18,On the computability of Solomonoff induction and AIXI,7VLoT6vM0zEJ,https://www.sciencedirect.com/science/article/pii/S0304397517308502,"… learning agent AIXI are … that AIXI is not limit computable, thus it cannot be approximated using finite computation. However there are limit computable ε-optimal approximations to AIXI. …","J Leike, M Hutter - Theoretical Computer Science, 2018 - Elsevier",J Leike,https://scholar.google.com/citations?user=beiWcokAAAAJ&hl=en&num=20&oi=sra,https://serpapi.com/search.json?author_id=beiWcokAAAAJ&engine=google_scholar_author&hl=en,beiWcokAAAAJ,M Hutter,https://scholar.google.com/citations?user=7hmCntEAAAAJ&hl=en&num=20&oi=sra,https://serpapi.com/search.json?author_id=7hmCntEAAAAJ&engine=google_scholar_author&hl=en,7hmCntEAAAAJ,,,,,,,,,,,,,sciencedirect.com,HTML,https://www.sciencedirect.com/science/article/pii/S0304397517308502,https://serpapi.com/search.json?engine=google_scholar_cite&hl=en&q=7VLoT6vM0zEJ,8.0,"https://scholar.google.com/scholar?cites=3590438364096516845&as_sdt=80005&sciodt=0,11&hl=en&num=20",3590438364096516845,https://serpapi.com/search.json?as_sdt=80005&cites=3590438364096516845&engine=google_scholar&hl=en&num=20,"https://scholar.google.com/scholar?q=related:7VLoT6vM0zEJ:scholar.google.com/&scioq=aixi&hl=en&num=20&as_sdt=0,11",https://serpapi.com/search.json?as_sdt=0%2C11&engine=google_scholar&hl=en&num=20&q=related%3A7VLoT6vM0zEJ%3Ascholar.google.com%2F&start=0,4.0,"https://scholar.google.com/scholar?cluster=3590438364096516845&hl=en&num=20&as_sdt=0,11",3590438364096516845,https://serpapi.com/search.json?as_sdt=0%2C11&cluster=3590438364096516845&engine=google_scholar&hl=en&num=20,,Html,https://www.sciencedirect.com/science/article/pii/S0304397517308502
19,Optimistic AIXI,dbYFpahznb4J,https://link.springer.com/chapter/10.1007/978-3-642-35506-6_32,… AIXI … of AIXI and replacing it with optimism. Optimism is often used to encourage exploration in the more restrictive Markov Decision Process setting and it alleviates the problem that AIXI …,"P Sunehag, M Hutter - … : 5th International Conference, AGI 2012, Oxford …, 2012 - Springer",P Sunehag,https://scholar.google.com/citations?user=7QcT04EAAAAJ&hl=en&num=20&oi=sra,https://serpapi.com/search.json?author_id=7QcT04EAAAAJ&engine=google_scholar_author&hl=en,7QcT04EAAAAJ,M Hutter,https://scholar.google.com/citations?user=7hmCntEAAAAJ&hl=en&num=20&oi=sra,https://serpapi.com/search.json?author_id=7hmCntEAAAAJ&engine=google_scholar_author&hl=en,7hmCntEAAAAJ,,,,,,,,,,,,,hutter1.net,PDF,http://www.hutter1.net/publ/aixiopt.pdf,https://serpapi.com/search.json?engine=google_scholar_cite&hl=en&q=dbYFpahznb4J,11.0,"https://scholar.google.com/scholar?cites=13735261606710195829&as_sdt=80005&sciodt=0,11&hl=en&num=20",13735261606710195829,https://serpapi.com/search.json?as_sdt=80005&cites=13735261606710195829&engine=google_scholar&hl=en&num=20,"https://scholar.google.com/scholar?q=related:dbYFpahznb4J:scholar.google.com/&scioq=aixi&hl=en&num=20&as_sdt=0,11",https://serpapi.com/search.json?as_sdt=0%2C11&engine=google_scholar&hl=en&num=20&q=related%3AdbYFpahznb4J%3Ascholar.google.com%2F&start=0,11.0,"https://scholar.google.com/scholar?cluster=13735261606710195829&hl=en&num=20&as_sdt=0,11",13735261606710195829,https://serpapi.com/search.json?as_sdt=0%2C11&cluster=13735261606710195829&engine=google_scholar&hl=en&num=20,,,
0,Synthesis and fungicidal activities of 2-{oxy}alkanamides containing dihydrobenzofuran,wvUuxkCuGmEJ,https://www.degruyter.com/document/doi/10.1515/hc-2017-0245/html,"In order to find new compounds with high fungicidal activity, acetamide derivatives 4a–x were rationally designed, synthesized, characterized and tested against various fungi in vivo. …","L Wan, Y Zihui, H Aixi, Y Jiao, O Xiaoming… - Heterocyclic …, 2018 - degruyter.com",,,,,,,,,,,,,,,,,,,,,degruyter.com,PDF,https://www.degruyter.com/document/doi/10.1515/hc-2017-0245/pdf,https://serpapi.com/search.json?engine=google_scholar_cite&hl=en&q=wvUuxkCuGmEJ,3.0,"https://scholar.google.com/scholar?cites=6997096564299593154&as_sdt=2005&sciodt=0,5&hl=en&num=20",6997096564299593154,https://serpapi.com/search.json?as_sdt=2005&cites=6997096564299593154&engine=google_scholar&hl=en&num=20,"https://scholar.google.com/scholar?q=related:wvUuxkCuGmEJ:scholar.google.com/&scioq=aixi&hl=en&num=20&as_sdt=0,5",https://serpapi.com/search.json?as_sdt=0%2C5&engine=google_scholar&hl=en&num=20&q=related%3AwvUuxkCuGmEJ%3Ascholar.google.com%2F&start=20,2.0,"https://scholar.google.com/scholar?cluster=6997096564299593154&hl=en&num=20&as_sdt=0,5",6997096564299593154,https://serpapi.com/search.json?as_sdt=0%2C5&cluster=6997096564299593154&engine=google_scholar&hl=en&num=20,,,
1,On ensemble techniques for AIXI approximation,9LETn26PAmkJ,https://link.springer.com/chapter/10.1007/978-3-642-35506-6_35,… One of the key challenges in AIXI approximation is model class … ensemble techniques for approximate AIXI agents. Each … to play an important role in future AIXI approximations. …,"J Veness, P Sunehag, M Hutter - International Conference on Artificial …, 2012 - Springer",J Veness,https://scholar.google.com/citations?user=_iYrAxEAAAAJ&hl=en&num=20&oi=sra,https://serpapi.com/search.json?author_id=_iYrAxEAAAAJ&engine=google_scholar_author&hl=en,_iYrAxEAAAAJ,P Sunehag,https://scholar.google.com/citations?user=7QcT04EAAAAJ&hl=en&num=20&oi=sra,https://serpapi.com/search.json?author_id=7QcT04EAAAAJ&engine=google_scholar_author&hl=en,7QcT04EAAAAJ,M Hutter,https://scholar.google.com/citations?user=7hmCntEAAAAJ&hl=en&num=20&oi=sra,https://serpapi.com/search.json?author_id=7hmCntEAAAAJ&engine=google_scholar_author&hl=en,7hmCntEAAAAJ,,,,,,,,,agi-conf.org,PDF,https://www.agi-conf.org/2012/wp-content/uploads/2012/12/paper_23.pdf,https://serpapi.com/search.json?engine=google_scholar_cite&hl=en&q=9LETn26PAmkJ,9.0,"https://scholar.google.com/scholar?cites=7566768029213897204&as_sdt=2005&sciodt=0,5&hl=en&num=20",7566768029213897204,https://serpapi.com/search.json?as_sdt=2005&cites=7566768029213897204&engine=google_scholar&hl=en&num=20,"https://scholar.google.com/scholar?q=related:9LETn26PAmkJ:scholar.google.com/&scioq=aixi&hl=en&num=20&as_sdt=0,5",https://serpapi.com/search.json?as_sdt=0%2C5&engine=google_scholar&hl=en&num=20&q=related%3A9LETn26PAmkJ%3Ascholar.google.com%2F&start=20,14.0,"https://scholar.google.com/scholar?cluster=7566768029213897204&hl=en&num=20&as_sdt=0,5",7566768029213897204,https://serpapi.com/search.json?as_sdt=0%2C5&cluster=7566768029213897204&engine=google_scholar&hl=en&num=20,,,
2,Study on creation of artistic conception in modern clothing design.,GSKyvVq_LV4J,https://search.ebscohost.com/login.aspx?direct=true&profile=ehost&scope=site&authtype=crawler&jrnl=10031456&AN=151746443&h=rFT3o48OSwjU0pXuqSr4HioBieGHkFE%2FBEqQecmNieuYsyR8PFmxLyh8wW4QAqpWM%2F6d3Yp%2B8yYXSlT7UIwyKQ%3D%3D&crl=c,"In order to explore the significance of artistic conception aesthetics theory to modern clothing design, Heaven Gaia was taken as an example, the principles and specific application form …","Z Aixi, GUO Fengqiu - Wool Textile Journal, 2021 - search.ebscohost.com",,,,,,,,,,,,,,,,,,,,,,,,https://serpapi.com/search.json?engine=google_scholar_cite&hl=en&q=GSKyvVq_LV4J,1.0,"https://scholar.google.com/scholar?cites=6786290609967735321&as_sdt=2005&sciodt=0,5&hl=en&num=20",6786290609967735321,https://serpapi.com/search.json?as_sdt=2005&cites=6786290609967735321&engine=google_scholar&hl=en&num=20,"https://scholar.google.com/scholar?q=related:GSKyvVq_LV4J:scholar.google.com/&scioq=aixi&hl=en&num=20&as_sdt=0,5",https://serpapi.com/search.json?as_sdt=0%2C5&engine=google_scholar&hl=en&num=20&q=related%3AGSKyvVq_LV4J%3Ascholar.google.com%2F&start=20,,,,,,,
3,Ecological landscape design of urban wetland park: a case study of the Aixi Lake Wetland Park in Nanchang City,iiMQR0sACwMJ,https://search.proquest.com/openview/1139b42e24a2e5ac4c72e00f8a477bb2/1?pq-origsite=gscholar&cbl=1596366,"Wetland as one of the natural landscapes with the richest biodiversity and most closely related to our life is widely distributed all around the world, and capable of storing flood, …","L Wenjing, L Qi - Journal of landscape Research, 2015 - search.proquest.com",,,,,,,,,,,,,,,,,,,,,,,,https://serpapi.com/search.json?engine=google_scholar_cite&hl=en&q=iiMQR0sACwMJ,4.0,"https://scholar.google.com/scholar?cites=219269330172388234&as_sdt=2005&sciodt=0,5&hl=en&num=20",219269330172388234,https://serpapi.com/search.json?as_sdt=2005&cites=219269330172388234&engine=google_scholar&hl=en&num=20,"https://scholar.google.com/scholar?q=related:iiMQR0sACwMJ:scholar.google.com/&scioq=aixi&hl=en&num=20&as_sdt=0,5",https://serpapi.com/search.json?as_sdt=0%2C5&engine=google_scholar&hl=en&num=20&q=related%3AiiMQR0sACwMJ%3Ascholar.google.com%2F&start=20,4.0,"https://scholar.google.com/scholar?cluster=219269330172388234&hl=en&num=20&as_sdt=0,5",219269330172388234,https://serpapi.com/search.json?as_sdt=0%2C5&cluster=219269330172388234&engine=google_scholar&hl=en&num=20,,,
4,Computable Variants of AIXI which are More Powerful than AIXI,lp93AMSHiFUJ,https://sciendo.com/article/10.2478/jagi-2019-0001?content-tab=abstract,"… that generalize the definition of AIXI to support a broader class … that is our formalization of generalized AIXI, when using a model … Before defining AIXI, we define (finite) lists, because AIXI …","S Katayama - Journal of Artificial General Intelligence, 2019 - sciendo.com",,,,,,,,,,,,,,,,,,,,,sciendo.com,PDF,https://sciendo.com/pdf/10.2478/jagi-2019-0001,https://serpapi.com/search.json?engine=google_scholar_cite&hl=en&q=lp93AMSHiFUJ,3.0,"https://scholar.google.com/scholar?cites=6163325365947703190&as_sdt=2005&sciodt=0,5&hl=en&num=20",6163325365947703190,https://serpapi.com/search.json?as_sdt=2005&cites=6163325365947703190&engine=google_scholar&hl=en&num=20,"https://scholar.google.com/scholar?q=related:lp93AMSHiFUJ:scholar.google.com/&scioq=aixi&hl=en&num=20&as_sdt=0,5",https://serpapi.com/search.json?as_sdt=0%2C5&engine=google_scholar&hl=en&num=20&q=related%3Alp93AMSHiFUJ%3Ascholar.google.com%2F&start=20,5.0,"https://scholar.google.com/scholar?cluster=6163325365947703190&hl=en&num=20&as_sdt=0,5",6163325365947703190,https://serpapi.com/search.json?as_sdt=0%2C5&cluster=6163325365947703190&engine=google_scholar&hl=en&num=20,"https://scholar.googleusercontent.com/scholar?q=cache:lp93AMSHiFUJ:scholar.google.com/+aixi&hl=en&num=20&as_sdt=0,5",,
5,An Augmented Reality-Based Proving Ground Vehicle-in-the-Loop Test Platform,3PSLmIoC_KkJ,https://ebooks.iospress.nl/volumearticle/67318,One of the biggest challenges in validating the electronic equipment of vehicles is finding suitable methods for virtual testing and simulating real-world scenarios as accurately as …,"L Weiguo, X Zhiyu, Y Aixi, L Guodong… - Emerging Cutting-Edge …, 2024 - ebooks.iospress.nl",,,,,,,,,,,,,,,,,,,,,iospress.nl,PDF,https://ebooks.iospress.nl/pdf/doi/10.3233/ATDE240017,https://serpapi.com/search.json?engine=google_scholar_cite&hl=en&q=3PSLmIoC_KkJ,,,,,"https://scholar.google.com/scholar?q=related:3PSLmIoC_KkJ:scholar.google.com/&scioq=aixi&hl=en&num=20&as_sdt=0,5",https://serpapi.com/search.json?as_sdt=0%2C5&engine=google_scholar&hl=en&num=20&q=related%3A3PSLmIoC_KkJ%3Ascholar.google.com%2F&start=20,2.0,"https://scholar.google.com/scholar?cluster=12248667880828957916&hl=en&num=20&as_sdt=0,5",12248667880828957916,https://serpapi.com/search.json?as_sdt=0%2C5&cluster=12248667880828957916&engine=google_scholar&hl=en&num=20,,,
6,Reflective variants of Solomonoff induction and AIXI,DP9ei6njKAoJ,https://link.springer.com/chapter/10.1007/978-3-319-21365-1_7,"Solomonoff induction and AIXI model their environment as an arbitrary Turing machine, but are themselves uncomputable. This fails to capture an essential property of real-world agents…","B Fallenstein, N Soares, J Taylor - International Conference on Artificial …, 2015 - Springer",N Soares,https://scholar.google.com/citations?user=_OXcDeMAAAAJ&hl=en&num=20&oi=sra,https://serpapi.com/search.json?author_id=_OXcDeMAAAAJ&engine=google_scholar_author&hl=en,_OXcDeMAAAAJ,J Taylor,https://scholar.google.com/citations?user=UoX8VmQAAAAJ&hl=en&num=20&oi=sra,https://serpapi.com/search.json?author_id=UoX8VmQAAAAJ&engine=google_scholar_author&hl=en,UoX8VmQAAAAJ,,,,,,,,,,,,,semanticscholar.org,PDF,https://pdfs.semanticscholar.org/a440/fc675bed02d9cc850813a8b99721d1fb7a48.pdf,https://serpapi.com/search.json?engine=google_scholar_cite&hl=en&q=DP9ei6njKAoJ,3.0,"https://scholar.google.com/scholar?cites=732085256774942476&as_sdt=2005&sciodt=0,5&hl=en&num=20",732085256774942476,https://serpapi.com/search.json?as_sdt=2005&cites=732085256774942476&engine=google_scholar&hl=en&num=20,"https://scholar.google.com/scholar?q=related:DP9ei6njKAoJ:scholar.google.com/&scioq=aixi&hl=en&num=20&as_sdt=0,5",https://serpapi.com/search.json?as_sdt=0%2C5&engine=google_scholar&hl=en&num=20&q=related%3ADP9ei6njKAoJ%3Ascholar.google.com%2F&start=20,11.0,"https://scholar.google.com/scholar?cluster=732085256774942476&hl=en&num=20&as_sdt=0,5",732085256774942476,https://serpapi.com/search.json?as_sdt=0%2C5&cluster=732085256774942476&engine=google_scholar&hl=en&num=20,,,
7,Universal algorithmic intelligence: A mathematical top→ down approach,Nki_FyJ656AJ,https://link.springer.com/chapter/10.1007/978-3-540-68677-4_8,"… resulting AIXI model is the most intelligent unbiased agent possible. We outline how the AIXI … The major drawback of the AIXI model is that it is uncomputable. To overcome this problem, …","M Hutter - Artificial general intelligence, 2007 - Springer",M Hutter,https://scholar.google.com/citations?user=7hmCntEAAAAJ&hl=en&num=20&oi=sra,https://serpapi.com/search.json?author_id=7hmCntEAAAAJ&engine=google_scholar_author&hl=en,7hmCntEAAAAJ,,,,,,,,,,,,,,,,,arxiv.org,PDF,https://arxiv.org/pdf/cs/0701125,https://serpapi.com/search.json?engine=google_scholar_cite&hl=en&q=Nki_FyJ656AJ,122.0,"https://scholar.google.com/scholar?cites=11594370052534519862&as_sdt=2005&sciodt=0,5&hl=en&num=20",11594370052534519862,https://serpapi.com/search.json?as_sdt=2005&cites=11594370052534519862&engine=google_scholar&hl=en&num=20,"https://scholar.google.com/scholar?q=related:Nki_FyJ656AJ:scholar.google.com/&scioq=aixi&hl=en&num=20&as_sdt=0,5",https://serpapi.com/search.json?as_sdt=0%2C5&engine=google_scholar&hl=en&num=20&q=related%3ANki_FyJ656AJ%3Ascholar.google.com%2F&start=20,19.0,"https://scholar.google.com/scholar?cluster=11594370052534519862&hl=en&num=20&as_sdt=0,5",11594370052534519862,https://serpapi.com/search.json?as_sdt=0%2C5&cluster=11594370052534519862&engine=google_scholar&hl=en&num=20,,,
8,A theory of universal artificial intelligence based on algorithmic complexity,DIoSNnl1wBQJ,https://arxiv.org/abs/cs/0004001,"… , how the AIXI model can formally solve them. The major drawback of the AIXI model is that it is uncomputable. To overcome this problem, we construct a modified algorithm AIXI-tl, …","M Hutter - arXiv preprint cs/0004001, 2000 - arxiv.org",M Hutter,https://scholar.google.com/citations?user=7hmCntEAAAAJ&hl=en&num=20&oi=sra,https://serpapi.com/search.json?author_id=7hmCntEAAAAJ&engine=google_scholar_author&hl=en,7hmCntEAAAAJ,,,,,,,,,,,,,,,,,arxiv.org,PDF,https://arxiv.org/pdf/cs/0004001,https://serpapi.com/search.json?engine=google_scholar_cite&hl=en&q=DIoSNnl1wBQJ,99.0,"https://scholar.google.com/scholar?cites=1495324239745681932&as_sdt=2005&sciodt=0,5&hl=en&num=20",1495324239745681932,https://serpapi.com/search.json?as_sdt=2005&cites=1495324239745681932&engine=google_scholar&hl=en&num=20,"https://scholar.google.com/scholar?q=related:DIoSNnl1wBQJ:scholar.google.com/&scioq=aixi&hl=en&num=20&as_sdt=0,5",https://serpapi.com/search.json?as_sdt=0%2C5&engine=google_scholar&hl=en&num=20&q=related%3ADIoSNnl1wBQJ%3Ascholar.google.com%2F&start=20,6.0,"https://scholar.google.com/scholar?cluster=1495324239745681932&hl=en&num=20&as_sdt=0,5",1495324239745681932,https://serpapi.com/search.json?as_sdt=0%2C5&cluster=1495324239745681932&engine=google_scholar&hl=en&num=20,"https://scholar.googleusercontent.com/scholar?q=cache:DIoSNnl1wBQJ:scholar.google.com/+aixi&hl=en&num=20&as_sdt=0,5",,
9,Bad universal priors and notions of optimality,01wih_mhK60J,https://proceedings.mlr.press/v40/Leike15.html,"… unlucky or adversarial choices of the UTM cause AIXI to misbehave drastically. We show that Legg… for AIXI. While it may still serve as a gold standard for AI, our results imply that AIXI is a …","J Leike, M Hutter - Conference on Learning Theory, 2015 - proceedings.mlr.press",J Leike,https://scholar.google.com/citations?user=beiWcokAAAAJ&hl=en&num=20&oi=sra,https://serpapi.com/search.json?author_id=beiWcokAAAAJ&engine=google_scholar_author&hl=en,beiWcokAAAAJ,M Hutter,https://scholar.google.com/citations?user=7hmCntEAAAAJ&hl=en&num=20&oi=sra,https://serpapi.com/search.json?author_id=7hmCntEAAAAJ&engine=google_scholar_author&hl=en,7hmCntEAAAAJ,,,,,,,,,,,,,mlr.press,PDF,http://proceedings.mlr.press/v40/Leike15.pdf,https://serpapi.com/search.json?engine=google_scholar_cite&hl=en&q=01wih_mhK60J,46.0,"https://scholar.google.com/scholar?cites=12478245285646195923&as_sdt=2005&sciodt=0,5&hl=en&num=20",12478245285646195923,https://serpapi.com/search.json?as_sdt=2005&cites=12478245285646195923&engine=google_scholar&hl=en&num=20,"https://scholar.google.com/scholar?q=related:01wih_mhK60J:scholar.google.com/&scioq=aixi&hl=en&num=20&as_sdt=0,5",https://serpapi.com/search.json?as_sdt=0%2C5&engine=google_scholar&hl=en&num=20&q=related%3A01wih_mhK60J%3Ascholar.google.com%2F&start=20,9.0,"https://scholar.google.com/scholar?cluster=12478245285646195923&hl=en&num=20&as_sdt=0,5",12478245285646195923,https://serpapi.com/search.json?as_sdt=0%2C5&cluster=12478245285646195923&engine=google_scholar&hl=en&num=20,"http://scholar.googleusercontent.com/scholar?q=cache:01wih_mhK60J:scholar.google.com/+aixi&hl=en&num=20&as_sdt=0,5",,
10,Strategies suggested for emergency diagnosis and treatment of traumatic orthopedicsin the epidemic periodof Corona Virus Disease 2019,-6ulAviPefAJ,https://pesquisa.bvsalud.org/global-literature-on-novel-coronavirus-2019-ncov/resource/pt/covidwho-2086,Objective@# To suggest strategies for emergency diagnosis and treatment of trauma orthopedics in the epidemic period of Corona Virus Disease 2019 (COVID-19).@* Methods@# In …,"Y Yue, YU Aixi, X Wenxia, SUN Zhibo… - Chinese Journal of …, 2020 - pesquisa.bvsalud.org",,,,,,,,,,,,,,,,,,,,,,,,https://serpapi.com/search.json?engine=google_scholar_cite&hl=en&q=-6ulAviPefAJ,,,,,"https://scholar.google.com/scholar?q=related:-6ulAviPefAJ:scholar.google.com/&scioq=aixi&hl=en&num=20&as_sdt=0,5",https://serpapi.com/search.json?as_sdt=0%2C5&engine=google_scholar&hl=en&num=20&q=related%3A-6ulAviPefAJ%3Ascholar.google.com%2F&start=20,2.0,"https://scholar.google.com/scholar?cluster=17328039336643767291&hl=en&num=20&as_sdt=0,5",17328039336643767291,https://serpapi.com/search.json?as_sdt=0%2C5&cluster=17328039336643767291&engine=google_scholar&hl=en&num=20,"https://scholar.googleusercontent.com/scholar?q=cache:-6ulAviPefAJ:scholar.google.com/+aixi&hl=en&num=20&as_sdt=0,5",,
11,"How does Social Capital Improve Farmers' Credit?——Based on Empirical Study on Network, Trust and Standardization",7i89agW2mxsJ,https://cjlc.zufe.edu.cn/EN/abstract/abstract1197.shtml,"Abstract: Based on social capital's three dimensions of the network, trust and standardization, the paper analyzes social capital's impact on farmers' inclination and ability to repay by …","LI Aixi, C Jingping, Z Minghao - Collected Essays on Finance and …, 2017 - cjlc.zufe.edu.cn",,,,,,,,,,,,,,,,,,,,,zufe.edu.cn,PDF,https://cjlc.zufe.edu.cn/EN/article/downloadArticleFile.do?attachType=PDF&id=1197,https://serpapi.com/search.json?engine=google_scholar_cite&hl=en&q=7i89agW2mxsJ,,,,,"https://scholar.google.com/scholar?q=related:7i89agW2mxsJ:scholar.google.com/&scioq=aixi&hl=en&num=20&as_sdt=0,5",https://serpapi.com/search.json?as_sdt=0%2C5&engine=google_scholar&hl=en&num=20&q=related%3A7i89agW2mxsJ%3Ascholar.google.com%2F&start=20,,,,,"https://scholar.googleusercontent.com/scholar?q=cache:7i89agW2mxsJ:scholar.google.com/+aixi&hl=en&num=20&as_sdt=0,5",,
12,"Geochemical characteristics and resource potential of source rocks in Aixi Sag, Yingen-Ejinaqi Basin",JuZyxjFHlb8J,https://www.sysydz.net/en/article/doi/10.11781/sysydz2022061048?viewType=HTML,"In order to clarify the source rock conditions and oil/gas potential of the Aixi Sag in the Yingen-Ejinaqi Basin, based on the analytical results of mudstone samples from two exploratory …","Z Yaxiong, C Zhijun, GAO Yiwen, W Xiaoduo… - 石油实验地质, 2022 - sysydz.net",,,,,,,,,,,,,,,,,,,,,,,,https://serpapi.com/search.json?engine=google_scholar_cite&hl=en&q=JuZyxjFHlb8J,,,,,"https://scholar.google.com/scholar?q=related:JuZyxjFHlb8J:scholar.google.com/&scioq=aixi&hl=en&num=20&as_sdt=0,5",https://serpapi.com/search.json?as_sdt=0%2C5&engine=google_scholar&hl=en&num=20&q=related%3AJuZyxjFHlb8J%3Ascholar.google.com%2F&start=20,2.0,"https://scholar.google.com/scholar?cluster=13805018511882511910&hl=en&num=20&as_sdt=0,5",13805018511882511910,https://serpapi.com/search.json?as_sdt=0%2C5&cluster=13805018511882511910&engine=google_scholar&hl=en&num=20,"https://scholar.googleusercontent.com/scholar?q=cache:JuZyxjFHlb8J:scholar.google.com/+aixi&hl=en&num=20&as_sdt=0,5",,
13,Study on application of biogas slurry in cyclic utilization of sugarcane leaves.,nxs251SDBooJ,https://www.cabidigitallibrary.org/doi/full/10.5555/20193090303,The application potential and approaches of biogas slurry in the cyclic utilization of sugarcane leaves were studied. In the experiment for biogas production through anaerobic …,"SAX Shen AiXi, CLM Chen LiuMeng, CK Chen Kui… - 2014 - cabidigitallibrary.org",,,,,,,,,,,,,,,,,,,,,cabidigitallibrary.org,PDF,https://www.cabidigitallibrary.org/doi/pdf/10.5555/20193090303,https://serpapi.com/search.json?engine=google_scholar_cite&hl=en&q=nxs251SDBooJ,,,,,"https://scholar.google.com/scholar?q=related:nxs251SDBooJ:scholar.google.com/&scioq=aixi&hl=en&num=20&as_sdt=0,5",https://serpapi.com/search.json?as_sdt=0%2C5&engine=google_scholar&hl=en&num=20&q=related%3Anxs251SDBooJ%3Ascholar.google.com%2F&start=20,,,,,,,
14,AIXI Responses to Newcomblike Problems,VawuHzPGpvcJ,https://osf.io/preprints/kjrx9/,"… We provide a rigorous analysis of AIXI’s … AIXI lacks good convergence properties, we chose to focus the analysis on determining whether an environment appears computable to AIXI, …",D Zagami - osf.io,,,,,,,,,,,,,,,,,,,,,osf.io,PDF,https://osf.io/kjrx9/download,https://serpapi.com/search.json?engine=google_scholar_cite&hl=en&q=VawuHzPGpvcJ,,,,,"https://scholar.google.com/scholar?q=related:VawuHzPGpvcJ:scholar.google.com/&scioq=aixi&hl=en&num=20&as_sdt=0,5",https://serpapi.com/search.json?as_sdt=0%2C5&engine=google_scholar&hl=en&num=20&q=related%3AVawuHzPGpvcJ%3Ascholar.google.com%2F&start=20,6.0,"https://scholar.google.com/scholar?cluster=17845168496370953301&hl=en&num=20&as_sdt=0,5",17845168496370953301,https://serpapi.com/search.json?as_sdt=0%2C5&cluster=17845168496370953301&engine=google_scholar&hl=en&num=20,"https://scholar.googleusercontent.com/scholar?q=cache:VawuHzPGpvcJ:scholar.google.com/+aixi&hl=en&num=20&as_sdt=0,5",,
15,Calculation of Li-like Al ion energy level structure and Ab initio AIXI spectral property,RgD-7MLMeKYJ,https://www.osti.gov/etdeweb/biblio/20089460,"… (HFR) Self-consistent field method, calculation of Li-like Al ion energy levels in configurations 1s{sup 2}nl (n 2-7, l = 0-5), 1 snln'l' (n,n' = 2-3; l,l' = 0-2) is made and Ab initio AIXI …","F Xiongying, Y Shiying, L Xiaochang - Chinese Journal of Atomic and …, 1999 - osti.gov",,,,,,,,,,,,,,,,,,,,,,,,https://serpapi.com/search.json?engine=google_scholar_cite&hl=en&q=RgD-7MLMeKYJ,,,,,"https://scholar.google.com/scholar?q=related:RgD-7MLMeKYJ:scholar.google.com/&scioq=aixi&hl=en&num=20&as_sdt=0,5",https://serpapi.com/search.json?as_sdt=0%2C5&engine=google_scholar&hl=en&num=20&q=related%3ARgD-7MLMeKYJ%3Ascholar.google.com%2F&start=20,2.0,"https://scholar.google.com/scholar?cluster=11995562745073107014&hl=en&num=20&as_sdt=0,5",11995562745073107014,https://serpapi.com/search.json?as_sdt=0%2C5&cluster=11995562745073107014&engine=google_scholar&hl=en&num=20,"https://scholar.googleusercontent.com/scholar?q=cache:RgD-7MLMeKYJ:scholar.google.com/+aixi&hl=en&num=20&as_sdt=0,5",,
16,A Fourier AIXI Approximation (Universal AI),zbWEg7wvs6EJ,https://dl6.globalstf.org/index.php/joc/article/view/574,… AIXI is a pareto optimal theory of artificial intelligence and uses Theory of Universal … prior (if not optimal) and thereby using it in AIXI is addressed in this paper. The proposed model is …,"S Shah - GSTF Journal on Computing (JoC), 2014 - dl6.globalstf.org",S Shah,https://scholar.google.com/citations?user=uCj8uGkAAAAJ&hl=en&num=20&oi=sra,https://serpapi.com/search.json?author_id=uCj8uGkAAAAJ&engine=google_scholar_author&hl=en,uCj8uGkAAAAJ,,,,,,,,,,,,,,,,,globalstf.org,PDF,https://dl6.globalstf.org/index.php/joc/article/viewFile/574/2104,https://serpapi.com/search.json?engine=google_scholar_cite&hl=en&q=zbWEg7wvs6EJ,,,,,"https://scholar.google.com/scholar?q=related:zbWEg7wvs6EJ:scholar.google.com/&scioq=aixi&hl=en&num=20&as_sdt=0,5",https://serpapi.com/search.json?as_sdt=0%2C5&engine=google_scholar&hl=en&num=20&q=related%3AzbWEg7wvs6EJ%3Ascholar.google.com%2F&start=20,3.0,"https://scholar.google.com/scholar?cluster=11651709147644474829&hl=en&num=20&as_sdt=0,5",11651709147644474829,https://serpapi.com/search.json?as_sdt=0%2C5&cluster=11651709147644474829&engine=google_scholar&hl=en&num=20,"https://scholar.googleusercontent.com/scholar?q=cache:zbWEg7wvs6EJ:scholar.google.com/+aixi&hl=en&num=20&as_sdt=0,5",,
17,"… of a Homologous Series of Molecular Glassformers Sarah E. Wolf, Tianyi Liu, Shivajee Govind, Haoqiang Zhao, Georgia Huang, Aixi Zhang, Yu Wu …",pcjy3xkJFTMJ,,,Z Fakhraaia,,,,,,,,,,,,,,,,,,,,,,,,https://serpapi.com/search.json?engine=google_scholar_cite&hl=en&q=pcjy3xkJFTMJ,,,,,"https://scholar.google.com/scholar?q=related:pcjy3xkJFTMJ:scholar.google.com/&scioq=aixi&hl=en&num=20&as_sdt=0,5",https://serpapi.com/search.json?as_sdt=0%2C5&engine=google_scholar&hl=en&num=20&q=related%3Apcjy3xkJFTMJ%3Ascholar.google.com%2F&start=20,,,,,,Citation,
18,Is Complexity an Illusion?,OhHDaQZSeOIJ,https://arxiv.org/abs/2404.07227,"… , meaning AIXI is based on the premise that simpler models are more accurate representations of the environment. AIXI … However, Jan Leike later showed that any claim regarding AIXI’s …","MT Bennett - arXiv preprint arXiv:2404.07227, 2024 - arxiv.org",MT Bennett,https://scholar.google.com/citations?user=M4sNTn8AAAAJ&hl=en&num=20&oi=sra,https://serpapi.com/search.json?author_id=M4sNTn8AAAAJ&engine=google_scholar_author&hl=en,M4sNTn8AAAAJ,,,,,,,,,,,,,,,,,arxiv.org,PDF,https://arxiv.org/pdf/2404.07227,https://serpapi.com/search.json?engine=google_scholar_cite&hl=en&q=OhHDaQZSeOIJ,2.0,"https://scholar.google.com/scholar?cites=16318883437274665274&as_sdt=2005&sciodt=0,5&hl=en&num=20",16318883437274665274,https://serpapi.com/search.json?as_sdt=2005&cites=16318883437274665274&engine=google_scholar&hl=en&num=20,"https://scholar.google.com/scholar?q=related:OhHDaQZSeOIJ:scholar.google.com/&scioq=aixi&hl=en&num=20&as_sdt=0,5",https://serpapi.com/search.json?as_sdt=0%2C5&engine=google_scholar&hl=en&num=20&q=related%3AOhHDaQZSeOIJ%3Ascholar.google.com%2F&start=20,7.0,"https://scholar.google.com/scholar?cluster=16318883437274665274&hl=en&num=20&as_sdt=0,5",16318883437274665274,https://serpapi.com/search.json?as_sdt=0%2C5&cluster=16318883437274665274&engine=google_scholar&hl=en&num=20,"https://scholar.googleusercontent.com/scholar?q=cache:OhHDaQZSeOIJ:scholar.google.com/+aixi&hl=en&num=20&as_sdt=0,5",,
19,Bias and no free lunch in formal measures of intelligence,VXNbcVwT7HsJ,https://sciendo.com/pdf/10.2478/v10229-011-0004-6,"… is that AIXI uses a PUTM UAIXI to simulate all computable, deterministic environments. At time step k AIXI … Because AIXI always chooses the action with maximum expected future sum of …","B Hibbard - Journal of Artificial General Intelligence, 2009 - sciendo.com",,,,,,,,,,,,,,,,,,,,,sciendo.com,PDF,https://sciendo.com/pdf/10.2478/v10229-011-0004-6,https://serpapi.com/search.json?engine=google_scholar_cite&hl=en&q=VXNbcVwT7HsJ,39.0,"https://scholar.google.com/scholar?cites=8929533448928588629&as_sdt=2005&sciodt=0,5&hl=en&num=20",8929533448928588629,https://serpapi.com/search.json?as_sdt=2005&cites=8929533448928588629&engine=google_scholar&hl=en&num=20,"https://scholar.google.com/scholar?q=related:VXNbcVwT7HsJ:scholar.google.com/&scioq=aixi&hl=en&num=20&as_sdt=0,5",https://serpapi.com/search.json?as_sdt=0%2C5&engine=google_scholar&hl=en&num=20&q=related%3AVXNbcVwT7HsJ%3Ascholar.google.com%2F&start=20,6.0,"https://scholar.google.com/scholar?cluster=8929533448928588629&hl=en&num=20&as_sdt=0,5",8929533448928588629,https://serpapi.com/search.json?as_sdt=0%2C5&cluster=8929533448928588629&engine=google_scholar&hl=en&num=20,"https://scholar.googleusercontent.com/scholar?q=cache:VXNbcVwT7HsJ:scholar.google.com/+aixi&hl=en&num=20&as_sdt=0,5",Pdf,
