position,title,result_id,type,link,snippet,publication_info_summary,publication_info_authors_0_name,publication_info_authors_0_link,publication_info_authors_0_serpapi_scholar_link,publication_info_authors_0_author_id,resources_0_title,resources_0_file_format,resources_0_link,inline_links_serpapi_cite_link,inline_links_cited_by_total,inline_links_cited_by_link,inline_links_cited_by_cites_id,inline_links_cited_by_serpapi_scholar_link,inline_links_related_pages_link,inline_links_serpapi_related_pages_link,inline_links_versions_total,inline_links_versions_link,inline_links_versions_cluster_id,inline_links_versions_serpapi_scholar_link,publication_info_authors_1_name,publication_info_authors_1_link,publication_info_authors_1_serpapi_scholar_link,publication_info_authors_1_author_id,publication_info_authors_2_name,publication_info_authors_2_link,publication_info_authors_2_serpapi_scholar_link,publication_info_authors_2_author_id,publication_info_authors_3_name,publication_info_authors_3_link,publication_info_authors_3_serpapi_scholar_link,publication_info_authors_3_author_id,publication_info_authors_4_name,publication_info_authors_4_link,publication_info_authors_4_serpapi_scholar_link,publication_info_authors_4_author_id,inline_links_cached_page_link,resources_1_title,resources_1_link
0,Machine learning,_zuqxloS2b0J,Book,https://books.google.com/books?hl=en&lr=&id=2nQJEAAAQBAJ&oi=fnd&pg=PR7&dq=machine%2Blearning&ots=fI_8V9-Goq&sig=8lZF_aKpRN7-8moI0KWk1x_UGRc,"A concise overview of machine learning--computer programs that learn from data--the basis of such applications as voice recognition and driverless cars. Today, machine learning …",E Alpaydin - 2021 - books.google.com,E Alpaydin,https://scholar.google.com/citations?user=lXYKgiYAAAAJ&hl=en&num=20&oi=sra,https://serpapi.com/search.json?author_id=lXYKgiYAAAAJ&engine=google_scholar_author&hl=en,lXYKgiYAAAAJ,pomona.edu,PDF,https://cs.pomona.edu/~dkauchak/classes/s16/cs30-s16/lectures/lecture12-NN-basics.pdf,https://serpapi.com/search.json?engine=google_scholar_cite&hl=en&q=_zuqxloS2b0J,993,"https://scholar.google.com/scholar?cites=13679985524203994111&as_sdt=5,26&sciodt=0,26&hl=en&num=20",13679985524203994111,https://serpapi.com/search.json?as_sdt=5%2C26&cites=13679985524203994111&engine=google_scholar&hl=en&num=20,"https://scholar.google.com/scholar?q=related:_zuqxloS2b0J:scholar.google.com/&scioq=machine%2Blearning&hl=en&num=20&as_sdt=0,26",https://serpapi.com/search.json?as_sdt=0%2C26&engine=google_scholar&hl=en&num=20&q=related%3A_zuqxloS2b0J%3Ascholar.google.com%2F&start=0,11.0,"https://scholar.google.com/scholar?cluster=13679985524203994111&hl=en&num=20&as_sdt=0,26",13679985524203994111,https://serpapi.com/search.json?as_sdt=0%2C26&cluster=13679985524203994111&engine=google_scholar&hl=en&num=20,,,,,,,,,,,,,,,,,,,
1,"Machine learning: Trends, perspectives, and prospects",pdcI9r5sCJcJ,,https://www.science.org/doi/abs/10.1126/science.aaa8415,… Machine learning addresses the question of how to build computers that improve … Recent progress in machine learning has been driven both by the development of new learning …,"MI Jordan, TM Mitchell - Science, 2015 - science.org",MI Jordan,https://scholar.google.com/citations?user=yxUduqMAAAAJ&hl=en&num=20&oi=sra,https://serpapi.com/search.json?author_id=yxUduqMAAAAJ&engine=google_scholar_author&hl=en,yxUduqMAAAAJ,cmu.edu,PDF,http://www.cs.cmu.edu/~tom/pubs/Science-ML-2015.pdf,https://serpapi.com/search.json?engine=google_scholar_cite&hl=en&q=pdcI9r5sCJcJ,8613,"https://scholar.google.com/scholar?cites=10883068066968164261&as_sdt=5,26&sciodt=0,26&hl=en&num=20",10883068066968164261,https://serpapi.com/search.json?as_sdt=5%2C26&cites=10883068066968164261&engine=google_scholar&hl=en&num=20,"https://scholar.google.com/scholar?q=related:pdcI9r5sCJcJ:scholar.google.com/&scioq=machine%2Blearning&hl=en&num=20&as_sdt=0,26",https://serpapi.com/search.json?as_sdt=0%2C26&engine=google_scholar&hl=en&num=20&q=related%3ApdcI9r5sCJcJ%3Ascholar.google.com%2F&start=0,25.0,"https://scholar.google.com/scholar?cluster=10883068066968164261&hl=en&num=20&as_sdt=0,26",10883068066968164261,https://serpapi.com/search.json?as_sdt=0%2C26&cluster=10883068066968164261&engine=google_scholar&hl=en&num=20,TM Mitchell,https://scholar.google.com/citations?user=MnfzuPYAAAAJ&hl=en&num=20&oi=sra,https://serpapi.com/search.json?author_id=MnfzuPYAAAAJ&engine=google_scholar_author&hl=en,MnfzuPYAAAAJ,,,,,,,,,,,,,,,
2,What is machine learning?,6uA6mpei2rcJ,Book,https://link.springer.com/chapter/10.1007/978-3-319-18305-3_1,… A machine learning algorithm is a computational process that … This training is the “learning” part of machine learning. The … can practice “lifelong” learning as it processes new data and …,"I El Naqa, MJ Murphy - 2015 - Springer",I El Naqa,https://scholar.google.com/citations?user=9Vdfc2sAAAAJ&hl=en&num=20&oi=sra,https://serpapi.com/search.json?author_id=9Vdfc2sAAAAJ&engine=google_scholar_author&hl=en,9Vdfc2sAAAAJ,vutbr.cz,PDF,"http://vision.uamt.feec.vutbr.cz/ROZ/lectures/Machine%20Learning%20in%20Computer%20Vision%20(F.F.%20Li,%20Stanford).pdf",https://serpapi.com/search.json?engine=google_scholar_cite&hl=en&q=6uA6mpei2rcJ,1237,"https://scholar.google.com/scholar?cites=13248080025875046634&as_sdt=5,26&sciodt=0,26&hl=en&num=20",13248080025875046634,https://serpapi.com/search.json?as_sdt=5%2C26&cites=13248080025875046634&engine=google_scholar&hl=en&num=20,"https://scholar.google.com/scholar?q=related:6uA6mpei2rcJ:scholar.google.com/&scioq=machine%2Blearning&hl=en&num=20&as_sdt=0,26",https://serpapi.com/search.json?as_sdt=0%2C26&engine=google_scholar&hl=en&num=20&q=related%3A6uA6mpei2rcJ%3Ascholar.google.com%2F&start=0,11.0,"https://scholar.google.com/scholar?cluster=13248080025875046634&hl=en&num=20&as_sdt=0,26",13248080025875046634,https://serpapi.com/search.json?as_sdt=0%2C26&cluster=13248080025875046634&engine=google_scholar&hl=en&num=20,,,,,,,,,,,,,,,,,,,
3,Machine learning and the physical sciences,eucrqVB_bisJ,,https://journals.aps.org/rmp/abstract/10.1103/RevModPhys.91.045002,"… II, where the interaction with machine learning has a long history, drawing on methods in … in machine learning. We then turn the wheel in the other direction of using machine learning for …","G Carleo, I Cirac, K Cranmer, L Daudet, M Schuld… - Reviews of Modern …, 2019 - APS",G Carleo,https://scholar.google.com/citations?user=e9I38PEAAAAJ&hl=en&num=20&oi=sra,https://serpapi.com/search.json?author_id=e9I38PEAAAAJ&engine=google_scholar_author&hl=en,e9I38PEAAAAJ,aps.org,PDF,https://link.aps.org/accepted/10.1103/RevModPhys.91.045002,https://serpapi.com/search.json?engine=google_scholar_cite&hl=en&q=eucrqVB_bisJ,2117,"https://scholar.google.com/scholar?cites=3129578775481411450&as_sdt=5,26&sciodt=0,26&hl=en&num=20",3129578775481411450,https://serpapi.com/search.json?as_sdt=5%2C26&cites=3129578775481411450&engine=google_scholar&hl=en&num=20,"https://scholar.google.com/scholar?q=related:eucrqVB_bisJ:scholar.google.com/&scioq=machine%2Blearning&hl=en&num=20&as_sdt=0,26",https://serpapi.com/search.json?as_sdt=0%2C26&engine=google_scholar&hl=en&num=20&q=related%3AeucrqVB_bisJ%3Ascholar.google.com%2F&start=0,13.0,"https://scholar.google.com/scholar?cluster=3129578775481411450&hl=en&num=20&as_sdt=0,26",3129578775481411450,https://serpapi.com/search.json?as_sdt=0%2C26&cluster=3129578775481411450&engine=google_scholar&hl=en&num=20,I Cirac,https://scholar.google.com/citations?user=gPGlTbgAAAAJ&hl=en&num=20&oi=sra,https://serpapi.com/search.json?author_id=gPGlTbgAAAAJ&engine=google_scholar_author&hl=en,gPGlTbgAAAAJ,K Cranmer,https://scholar.google.com/citations?user=EZjSxgwAAAAJ&hl=en&num=20&oi=sra,https://serpapi.com/search.json?author_id=EZjSxgwAAAAJ&engine=google_scholar_author&hl=en,EZjSxgwAAAAJ,L Daudet,https://scholar.google.com/citations?user=PCIAcfUAAAAJ&hl=en&num=20&oi=sra,https://serpapi.com/search.json?author_id=PCIAcfUAAAAJ&engine=google_scholar_author&hl=en,PCIAcfUAAAAJ,M Schuld,https://scholar.google.com/citations?user=_ih_hwUAAAAJ&hl=en&num=20&oi=sra,https://serpapi.com/search.json?author_id=_ih_hwUAAAAJ&engine=google_scholar_author&hl=en,_ih_hwUAAAAJ,,,
4,Machine learning in agriculture: A review,3IzyYvVQwr4J,,https://www.mdpi.com/1424-8220/18/8/2674,"… research dedicated to applications of machine learning in agricultural production systems. … will benefit from machine learning technologies. By applying machine learning to sensor data, …","KG Liakos, P Busato, D Moshou, S Pearson, D Bochtis - Sensors, 2018 - mdpi.com",KG Liakos,https://scholar.google.com/citations?user=hlvhA7cAAAAJ&hl=en&num=20&oi=sra,https://serpapi.com/search.json?author_id=hlvhA7cAAAAJ&engine=google_scholar_author&hl=en,hlvhA7cAAAAJ,mdpi.com,PDF,https://www.mdpi.com/1424-8220/18/8/2674/pdf,https://serpapi.com/search.json?engine=google_scholar_cite&hl=en&q=3IzyYvVQwr4J,2387,"https://scholar.google.com/scholar?cites=13745638027545447644&as_sdt=5,26&sciodt=0,26&hl=en&num=20",13745638027545447644,https://serpapi.com/search.json?as_sdt=5%2C26&cites=13745638027545447644&engine=google_scholar&hl=en&num=20,"https://scholar.google.com/scholar?q=related:3IzyYvVQwr4J:scholar.google.com/&scioq=machine%2Blearning&hl=en&num=20&as_sdt=0,26",https://serpapi.com/search.json?as_sdt=0%2C26&engine=google_scholar&hl=en&num=20&q=related%3A3IzyYvVQwr4J%3Ascholar.google.com%2F&start=0,20.0,"https://scholar.google.com/scholar?cluster=13745638027545447644&hl=en&num=20&as_sdt=0,26",13745638027545447644,https://serpapi.com/search.json?as_sdt=0%2C26&cluster=13745638027545447644&engine=google_scholar&hl=en&num=20,P Busato,https://scholar.google.com/citations?user=8Zse3ksAAAAJ&hl=en&num=20&oi=sra,https://serpapi.com/search.json?author_id=8Zse3ksAAAAJ&engine=google_scholar_author&hl=en,8Zse3ksAAAAJ,D Moshou,https://scholar.google.com/citations?user=kblkOBcAAAAJ&hl=en&num=20&oi=sra,https://serpapi.com/search.json?author_id=kblkOBcAAAAJ&engine=google_scholar_author&hl=en,kblkOBcAAAAJ,S Pearson,https://scholar.google.com/citations?user=_xeFP80AAAAJ&hl=en&num=20&oi=sra,https://serpapi.com/search.json?author_id=_xeFP80AAAAJ&engine=google_scholar_author&hl=en,_xeFP80AAAAJ,D Bochtis,https://scholar.google.com/citations?user=k6oh-OQAAAAJ&hl=en&num=20&oi=sra,https://serpapi.com/search.json?author_id=k6oh-OQAAAAJ&engine=google_scholar_author&hl=en,k6oh-OQAAAAJ,"https://scholar.googleusercontent.com/scholar?q=cache:3IzyYvVQwr4J:scholar.google.com/+machine%2Blearning&hl=en&num=20&as_sdt=0,26",,
5,What is machine learning? A primer for the epidemiologist,LDE5SAcBB-gJ,,https://academic.oup.com/aje/article-abstract/188/12/2222/5567515,… We provide a brief introduction to 5 common machine learning … of machine learning techniques in the published literature. We recommend approaches to incorporate machine learning …,"Q Bi, KE Goodman, J Kaminsky… - American journal of …, 2019 - academic.oup.com",J Kaminsky,https://scholar.google.com/citations?user=BFdcm_gAAAAJ&hl=en&num=20&oi=sra,https://serpapi.com/search.json?author_id=BFdcm_gAAAAJ&engine=google_scholar_author&hl=en,BFdcm_gAAAAJ,umsha.ac.ir,PDF,https://sph.umsha.ac.ir/uploads/18/2023/May/22/kwz189.pdf,https://serpapi.com/search.json?engine=google_scholar_cite&hl=en&q=LDE5SAcBB-gJ,503,"https://scholar.google.com/scholar?cites=16719333272424362284&as_sdt=5,26&sciodt=0,26&hl=en&num=20",16719333272424362284,https://serpapi.com/search.json?as_sdt=5%2C26&cites=16719333272424362284&engine=google_scholar&hl=en&num=20,"https://scholar.google.com/scholar?q=related:LDE5SAcBB-gJ:scholar.google.com/&scioq=machine%2Blearning&hl=en&num=20&as_sdt=0,26",https://serpapi.com/search.json?as_sdt=0%2C26&engine=google_scholar&hl=en&num=20&q=related%3ALDE5SAcBB-gJ%3Ascholar.google.com%2F&start=0,10.0,"https://scholar.google.com/scholar?cluster=16719333272424362284&hl=en&num=20&as_sdt=0,26",16719333272424362284,https://serpapi.com/search.json?as_sdt=0%2C26&cluster=16719333272424362284&engine=google_scholar&hl=en&num=20,,,,,,,,,,,,,,,,,,,
6,Readings in machine learning,fiUuYFSiLxwJ,Book,https://books.google.com/books?hl=en&lr=&id=UgC33U2KMCsC&oi=fnd&pg=PA1&dq=machine%2Blearning&ots=TigjlkaLt6&sig=l7Yk2QXPPjdBnW6Lk-YypZkBsB4,"… in machine learning. We have taught from these readings in our own machine learning … Furthermore, we in machine learning believe that learning techniques provide important con…","JW Shavlik, TG Dietterich - 1990 - books.google.com",JW Shavlik,https://scholar.google.com/citations?user=okf5bmQAAAAJ&hl=en&num=20&oi=sra,https://serpapi.com/search.json?author_id=okf5bmQAAAAJ&engine=google_scholar_author&hl=en,okf5bmQAAAAJ,,,,https://serpapi.com/search.json?engine=google_scholar_cite&hl=en&q=fiUuYFSiLxwJ,571,"https://scholar.google.com/scholar?cites=2031020440241972606&as_sdt=5,26&sciodt=0,26&hl=en&num=20",2031020440241972606,https://serpapi.com/search.json?as_sdt=5%2C26&cites=2031020440241972606&engine=google_scholar&hl=en&num=20,"https://scholar.google.com/scholar?q=related:fiUuYFSiLxwJ:scholar.google.com/&scioq=machine%2Blearning&hl=en&num=20&as_sdt=0,26",https://serpapi.com/search.json?as_sdt=0%2C26&engine=google_scholar&hl=en&num=20&q=related%3AfiUuYFSiLxwJ%3Ascholar.google.com%2F&start=0,3.0,"https://scholar.google.com/scholar?cluster=2031020440241972606&hl=en&num=20&as_sdt=0,26",2031020440241972606,https://serpapi.com/search.json?as_sdt=0%2C26&cluster=2031020440241972606&engine=google_scholar&hl=en&num=20,TG Dietterich,https://scholar.google.com/citations?user=09kJn28AAAAJ&hl=en&num=20&oi=sra,https://serpapi.com/search.json?author_id=09kJn28AAAAJ&engine=google_scholar_author&hl=en,09kJn28AAAAJ,,,,,,,,,,,,,,,
7,Encyclopedia of machine learning,IufbymTDBukJ,Book,https://books.google.com/books?hl=en&lr=&id=i8hQhp1a62UC&oi=fnd&pg=PT29&dq=machine%2Blearning&ots=92jdDxkHdM&sig=k4rKnSFhNiHxgSdlYFpFvcqFOYg,"… Machine Learning came to be identified as a research field in … machine learning appeared. Although the field coalesced in the s, research on what we now call machine learning …","C Sammut, GI Webb - 2011 - books.google.com",C Sammut,https://scholar.google.com/citations?user=1KsZREQAAAAJ&hl=en&num=20&oi=sra,https://serpapi.com/search.json?author_id=1KsZREQAAAAJ&engine=google_scholar_author&hl=en,1KsZREQAAAAJ,,,,https://serpapi.com/search.json?engine=google_scholar_cite&hl=en&q=IufbymTDBukJ,2198,"https://scholar.google.com/scholar?cites=16791323098365028130&as_sdt=5,26&sciodt=0,26&hl=en&num=20",16791323098365028130,https://serpapi.com/search.json?as_sdt=5%2C26&cites=16791323098365028130&engine=google_scholar&hl=en&num=20,"https://scholar.google.com/scholar?q=related:IufbymTDBukJ:scholar.google.com/&scioq=machine%2Blearning&hl=en&num=20&as_sdt=0,26",https://serpapi.com/search.json?as_sdt=0%2C26&engine=google_scholar&hl=en&num=20&q=related%3AIufbymTDBukJ%3Ascholar.google.com%2F&start=0,6.0,"https://scholar.google.com/scholar?cluster=16791323098365028130&hl=en&num=20&as_sdt=0,26",16791323098365028130,https://serpapi.com/search.json?as_sdt=0%2C26&cluster=16791323098365028130&engine=google_scholar&hl=en&num=20,GI Webb,https://scholar.google.com/citations?user=_1tpf8AAAAAJ&hl=en&num=20&oi=sra,https://serpapi.com/search.json?author_id=_1tpf8AAAAAJ&engine=google_scholar_author&hl=en,_1tpf8AAAAAJ,,,,,,,,,,,,,,,
8,Machine learning in action,zsRGU1-JC9sJ,Book,https://books.google.com/books?hl=en&lr=&id=XTozEAAAQBAJ&oi=fnd&pg=PT18&dq=machine%2Blearning&ots=pxYiP7PRil&sig=nAFqFauTC9OVc138r96XvlPT55I,… uses of machine learning algorithms so that the reader can build better applications. … machine learning to massive datasets that cannot be adequately addressed on a single machine…,P Harrington - 2012 - books.google.com,,,,,academia.edu,PDF,https://www.academia.edu/download/55805430/Machine_Learning_in_Action.pdf,https://serpapi.com/search.json?engine=google_scholar_cite&hl=en&q=zsRGU1-JC9sJ,1338,"https://scholar.google.com/scholar?cites=15783860361562080462&as_sdt=5,26&sciodt=0,26&hl=en&num=20",15783860361562080462,https://serpapi.com/search.json?as_sdt=5%2C26&cites=15783860361562080462&engine=google_scholar&hl=en&num=20,"https://scholar.google.com/scholar?q=related:zsRGU1-JC9sJ:scholar.google.com/&scioq=machine%2Blearning&hl=en&num=20&as_sdt=0,26",https://serpapi.com/search.json?as_sdt=0%2C26&engine=google_scholar&hl=en&num=20&q=related%3AzsRGU1-JC9sJ%3Ascholar.google.com%2F&start=0,5.0,"https://scholar.google.com/scholar?cluster=15783860361562080462&hl=en&num=20&as_sdt=0,26",15783860361562080462,https://serpapi.com/search.json?as_sdt=0%2C26&cluster=15783860361562080462&engine=google_scholar&hl=en&num=20,,,,,,,,,,,,,,,,,,,
9,Foundations of machine learning,IVyR3mXITrQJ,Book,https://books.google.com/books?hl=en&lr=&id=dWB9DwAAQBAJ&oi=fnd&pg=PR5&dq=machine%2Blearning&ots=AzoV_Vy5q1&sig=yP3Kz1xIShRwasQFy_1Jnp0hkbA,"… It covers fundamental modern topics in machine learning … complex topics arising in machine learning and highlight several … of important topics in machine learning, we have chosen to …","M Mohri, A Rostamizadeh, A Talwalkar - 2018 - books.google.com",M Mohri,https://scholar.google.com/citations?user=ktwwLjsAAAAJ&hl=en&num=20&oi=sra,https://serpapi.com/search.json?author_id=ktwwLjsAAAAJ&engine=google_scholar_author&hl=en,ktwwLjsAAAAJ,academia.edu,PDF,https://www.academia.edu/download/86186744/lecture_3.pdf,https://serpapi.com/search.json?engine=google_scholar_cite&hl=en&q=IVyR3mXITrQJ,6306,"https://scholar.google.com/scholar?cites=12992542314861780001&as_sdt=5,26&sciodt=0,26&hl=en&num=20",12992542314861780001,https://serpapi.com/search.json?as_sdt=5%2C26&cites=12992542314861780001&engine=google_scholar&hl=en&num=20,"https://scholar.google.com/scholar?q=related:IVyR3mXITrQJ:scholar.google.com/&scioq=machine%2Blearning&hl=en&num=20&as_sdt=0,26",https://serpapi.com/search.json?as_sdt=0%2C26&engine=google_scholar&hl=en&num=20&q=related%3AIVyR3mXITrQJ%3Ascholar.google.com%2F&start=0,12.0,"https://scholar.google.com/scholar?cluster=12992542314861780001&hl=en&num=20&as_sdt=0,26",12992542314861780001,https://serpapi.com/search.json?as_sdt=0%2C26&cluster=12992542314861780001&engine=google_scholar&hl=en&num=20,A Rostamizadeh,https://scholar.google.com/citations?user=EPl3EkgAAAAJ&hl=en&num=20&oi=sra,https://serpapi.com/search.json?author_id=EPl3EkgAAAAJ&engine=google_scholar_author&hl=en,EPl3EkgAAAAJ,A Talwalkar,https://scholar.google.com/citations?user=TW7U1W0AAAAJ&hl=en&num=20&oi=sra,https://serpapi.com/search.json?author_id=TW7U1W0AAAAJ&engine=google_scholar_author&hl=en,TW7U1W0AAAAJ,,,,,,,,,,,
10,Machine learning,EQ8shYj8Ai8J,Book,https://books.google.com/books?hl=en&lr=&id=ctM-EAAAQBAJ&oi=fnd&pg=PR6&dq=machine%2Blearning&ots=o_JnZ7Yz3q&sig=4kMTTRMw-rst-PJx0g3NMwKcFm4,"… machine learning. The second part includes Chapters 4–10, which presents some classic and popular machine learning … cover the core topics of machine learning in one semester, and …",ZH Zhou - 2021 - books.google.com,ZH Zhou,https://scholar.google.com/citations?user=rSVIHasAAAAJ&hl=en&num=20&oi=sra,https://serpapi.com/search.json?author_id=rSVIHasAAAAJ&engine=google_scholar_author&hl=en,rSVIHasAAAAJ,washington.edu,PDF,https://courses.cs.washington.edu/courses/cse160/18sp/sections/09/MachineLearning.pdf,https://serpapi.com/search.json?engine=google_scholar_cite&hl=en&q=EQ8shYj8Ai8J,1989,"https://scholar.google.com/scholar?cites=3387547533016043281&as_sdt=5,26&sciodt=0,26&hl=en&num=20",3387547533016043281,https://serpapi.com/search.json?as_sdt=5%2C26&cites=3387547533016043281&engine=google_scholar&hl=en&num=20,"https://scholar.google.com/scholar?q=related:EQ8shYj8Ai8J:scholar.google.com/&scioq=machine%2Blearning&hl=en&num=20&as_sdt=0,26",https://serpapi.com/search.json?as_sdt=0%2C26&engine=google_scholar&hl=en&num=20&q=related%3AEQ8shYj8Ai8J%3Ascholar.google.com%2F&start=0,8.0,"https://scholar.google.com/scholar?cluster=3387547533016043281&hl=en&num=20&as_sdt=0,26",3387547533016043281,https://serpapi.com/search.json?as_sdt=0%2C26&cluster=3387547533016043281&engine=google_scholar&hl=en&num=20,,,,,,,,,,,,,,,,,,,
11,Understanding machine learning: From theory to algorithms,GBzGIpYNxj4J,Book,https://books.google.com/books?hl=en&lr=&id=Hf6QAwAAQBAJ&oi=fnd&pg=PR15&dq=machine%2Blearning&ots=2JqlSopQQ3&sig=St5yd1vtp0ihQbR4iZu5IpOllYI,"… Machine learning is one of the fastest growing areas of computer science, with far-reaching applications. The aim of this textbook is to introduce machine learning, … machine learning and …","S Shalev-Shwartz, S Ben-David - 2014 - books.google.com",S Shalev-Shwartz,https://scholar.google.com/citations?user=uYVc9koAAAAJ&hl=en&num=20&oi=sra,https://serpapi.com/search.json?author_id=uYVc9koAAAAJ&engine=google_scholar_author&hl=en,uYVc9koAAAAJ,ceo.org.pl,PDF,https://mlodyobywatel.ceo.org.pl/sites/mlodyobywatel.ceo.org.pl/files/webform/pdf-understanding-machine-learning-from-theory-to-algorithms-shai-shalev-shwartz-shai-ben-david-pdf-download-free-book-171ad88.pdf,https://serpapi.com/search.json?engine=google_scholar_cite&hl=en&q=GBzGIpYNxj4J,7612,"https://scholar.google.com/scholar?cites=4523317814219906072&as_sdt=5,26&sciodt=0,26&hl=en&num=20",4523317814219906072,https://serpapi.com/search.json?as_sdt=5%2C26&cites=4523317814219906072&engine=google_scholar&hl=en&num=20,"https://scholar.google.com/scholar?q=related:GBzGIpYNxj4J:scholar.google.com/&scioq=machine%2Blearning&hl=en&num=20&as_sdt=0,26",https://serpapi.com/search.json?as_sdt=0%2C26&engine=google_scholar&hl=en&num=20&q=related%3AGBzGIpYNxj4J%3Ascholar.google.com%2F&start=0,8.0,"https://scholar.google.com/scholar?cluster=4523317814219906072&hl=en&num=20&as_sdt=0,26",4523317814219906072,https://serpapi.com/search.json?as_sdt=0%2C26&cluster=4523317814219906072&engine=google_scholar&hl=en&num=20,S Ben-David,https://scholar.google.com/citations?user=kezPqwoAAAAJ&hl=en&num=20&oi=sra,https://serpapi.com/search.json?author_id=kezPqwoAAAAJ&engine=google_scholar_author&hl=en,kezPqwoAAAAJ,,,,,,,,,,,,,,,
12,Elements of machine learning,A558H9ycTNoJ,Book,https://books.google.com/books?hl=en&lr=&id=TNg5qVoqRtUC&oi=fnd&pg=PR9&dq=machine%2Blearning&ots=Q5ls1xx1Qn&sig=fiZ1iRtLfxx3eNPAfNIKFM10VeM,"… the goals that motivate researchers to study machine learning. After this, we present a framework for machine learning that serves as an organization for the later sections in the chapter. …",P Langley - 1996 - books.google.com,P Langley,https://scholar.google.com/citations?user=5JcRw-sAAAAJ&hl=en&num=20&oi=sra,https://serpapi.com/search.json?author_id=5JcRw-sAAAAJ&engine=google_scholar_author&hl=en,5JcRw-sAAAAJ,,,,https://serpapi.com/search.json?engine=google_scholar_cite&hl=en&q=A558H9ycTNoJ,952,"https://scholar.google.com/scholar?cites=15730120067733298691&as_sdt=5,26&sciodt=0,26&hl=en&num=20",15730120067733298691,https://serpapi.com/search.json?as_sdt=5%2C26&cites=15730120067733298691&engine=google_scholar&hl=en&num=20,"https://scholar.google.com/scholar?q=related:A558H9ycTNoJ:scholar.google.com/&scioq=machine%2Blearning&hl=en&num=20&as_sdt=0,26",https://serpapi.com/search.json?as_sdt=0%2C26&engine=google_scholar&hl=en&num=20&q=related%3AA558H9ycTNoJ%3Ascholar.google.com%2F&start=0,3.0,"https://scholar.google.com/scholar?cluster=15730120067733298691&hl=en&num=20&as_sdt=0,26",15730120067733298691,https://serpapi.com/search.json?as_sdt=0%2C26&cluster=15730120067733298691&engine=google_scholar&hl=en&num=20,,,,,,,,,,,,,,,,,,,
13,Practical machine learning,nhPaWHXTIagJ,Book,https://books.google.com/books?hl=en&lr=&id=WmsdDAAAQBAJ&oi=fnd&pg=PP1&dq=machine%2Blearning&ots=1Bv7EyRobW&sig=4sHVJ-mnEVu7ump6B9HcN62zGLM,"… Machine learning, will cover the basics of Machine learning and the landscape of Machine learning semantics… It will also define Machine learning in simple terms and introduce Machine …",S Gollapudi - 2016 - books.google.com,S Gollapudi,https://scholar.google.com/citations?user=gMoKAHMAAAAJ&hl=en&num=20&oi=sra,https://serpapi.com/search.json?author_id=gMoKAHMAAAAJ&engine=google_scholar_author&hl=en,gMoKAHMAAAAJ,,,,https://serpapi.com/search.json?engine=google_scholar_cite&hl=en&q=nhPaWHXTIagJ,194,"https://scholar.google.com/scholar?cites=12115196973558666142&as_sdt=5,26&sciodt=0,26&hl=en&num=20",12115196973558666142,https://serpapi.com/search.json?as_sdt=5%2C26&cites=12115196973558666142&engine=google_scholar&hl=en&num=20,"https://scholar.google.com/scholar?q=related:nhPaWHXTIagJ:scholar.google.com/&scioq=machine%2Blearning&hl=en&num=20&as_sdt=0,26",https://serpapi.com/search.json?as_sdt=0%2C26&engine=google_scholar&hl=en&num=20&q=related%3AnhPaWHXTIagJ%3Ascholar.google.com%2F&start=0,2.0,"https://scholar.google.com/scholar?cluster=12115196973558666142&hl=en&num=20&as_sdt=0,26",12115196973558666142,https://serpapi.com/search.json?as_sdt=0%2C26&cluster=12115196973558666142&engine=google_scholar&hl=en&num=20,,,,,,,,,,,,,,,,,,,
14,The discipline of machine learning,Sh79Oau9dIYJ,Book,https://www.cs.cmu.edu/afs/cs/usr/mitchell/ftp/pubs/MachineLearningTR.pdf,"… Over the past 50 years the study of Machine Learning has … theories of learning processes, has designed learning algorithms … that has emerged as Machine Learning, the fundamental …",TM Mitchell - 2006 - cs.cmu.edu,TM Mitchell,https://scholar.google.com/citations?user=MnfzuPYAAAAJ&hl=en&num=20&oi=sra,https://serpapi.com/search.json?author_id=MnfzuPYAAAAJ&engine=google_scholar_author&hl=en,MnfzuPYAAAAJ,cmu.edu,PDF,https://www.cs.cmu.edu/afs/cs/usr/mitchell/ftp/pubs/MachineLearningTR.pdf,https://serpapi.com/search.json?engine=google_scholar_cite&hl=en&q=Sh79Oau9dIYJ,979,"https://scholar.google.com/scholar?cites=9688577241490726474&as_sdt=5,26&sciodt=0,26&hl=en&num=20",9688577241490726474,https://serpapi.com/search.json?as_sdt=5%2C26&cites=9688577241490726474&engine=google_scholar&hl=en&num=20,"https://scholar.google.com/scholar?q=related:Sh79Oau9dIYJ:scholar.google.com/&scioq=machine%2Blearning&hl=en&num=20&as_sdt=0,26",https://serpapi.com/search.json?as_sdt=0%2C26&engine=google_scholar&hl=en&num=20&q=related%3ASh79Oau9dIYJ%3Ascholar.google.com%2F&start=0,22.0,"https://scholar.google.com/scholar?cluster=9688577241490726474&hl=en&num=20&as_sdt=0,26",9688577241490726474,https://serpapi.com/search.json?as_sdt=0%2C26&cluster=9688577241490726474&engine=google_scholar&hl=en&num=20,,,,,,,,,,,,,,,,,"https://scholar.googleusercontent.com/scholar?q=cache:Sh79Oau9dIYJ:scholar.google.com/+machine%2Blearning&hl=en&num=20&as_sdt=0,26",,
15,Machine learning overview,eXNPW4ECDVcJ,,https://books.google.com/books?hl=en&lr=&id=XAqhDwAAQBAJ&oi=fnd&pg=PA9&dq=machine%2Blearning&ots=r3GodYFmOo&sig=SC1KPEc_dn-r6wNPuvBd26oolQ0,… to machine learning as a means to overcome the knowledge acquisition bottleneck. This book presents a taxonomic analysis of machine learning organized primarily by learning …,"TO Ayodele - New Advances in Machine Learning, 2010 - books.google.com",,,,,psu.edu,PDF,https://citeseerx.ist.psu.edu/document?repid=rep1&type=pdf&doi=72bfa0a326e4385ac46916e840e9fdc73a98b9fb,https://serpapi.com/search.json?engine=google_scholar_cite&hl=en&q=eXNPW4ECDVcJ,109,"https://scholar.google.com/scholar?cites=6272672610602939257&as_sdt=5,26&sciodt=0,26&hl=en&num=20",6272672610602939257,https://serpapi.com/search.json?as_sdt=5%2C26&cites=6272672610602939257&engine=google_scholar&hl=en&num=20,"https://scholar.google.com/scholar?q=related:eXNPW4ECDVcJ:scholar.google.com/&scioq=machine%2Blearning&hl=en&num=20&as_sdt=0,26",https://serpapi.com/search.json?as_sdt=0%2C26&engine=google_scholar&hl=en&num=20&q=related%3AeXNPW4ECDVcJ%3Ascholar.google.com%2F&start=0,6.0,"https://scholar.google.com/scholar?cluster=6272672610602939257&hl=en&num=20&as_sdt=0,26",6272672610602939257,https://serpapi.com/search.json?as_sdt=0%2C26&cluster=6272672610602939257&engine=google_scholar&hl=en&num=20,,,,,,,,,,,,,,,,,,,
16,Machine learning: A theoretical approach,bfCd2LaGZrAJ,Book,https://books.google.com/books?hl=en&lr=&id=cnyjBQAAQBAJ&oi=fnd&pg=PP1&dq=machine%2Blearning&ots=5e3DOAhX0p&sig=RcwlkkrpchZBuOyZPvPM011VtRc,"… concerns computer programs that can imitate the learning … of machine learning. The discussion is based on the recently developed model of probably approximately correct learning, …",BK Natarajan - 2014 - books.google.com,BK Natarajan,https://scholar.google.com/citations?user=wxlTEp4AAAAJ&hl=en&num=20&oi=sra,https://serpapi.com/search.json?author_id=wxlTEp4AAAAJ&engine=google_scholar_author&hl=en,wxlTEp4AAAAJ,,,,https://serpapi.com/search.json?engine=google_scholar_cite&hl=en&q=bfCd2LaGZrAJ,512,"https://scholar.google.com/scholar?cites=12710995118176202861&as_sdt=5,26&sciodt=0,26&hl=en&num=20",12710995118176202861,https://serpapi.com/search.json?as_sdt=5%2C26&cites=12710995118176202861&engine=google_scholar&hl=en&num=20,"https://scholar.google.com/scholar?q=related:bfCd2LaGZrAJ:scholar.google.com/&scioq=machine%2Blearning&hl=en&num=20&as_sdt=0,26",https://serpapi.com/search.json?as_sdt=0%2C26&engine=google_scholar&hl=en&num=20&q=related%3AbfCd2LaGZrAJ%3Ascholar.google.com%2F&start=0,4.0,"https://scholar.google.com/scholar?cluster=12710995118176202861&hl=en&num=20&as_sdt=0,26",12710995118176202861,https://serpapi.com/search.json?as_sdt=0%2C26&cluster=12710995118176202861&engine=google_scholar&hl=en&num=20,,,,,,,,,,,,,,,,,,,
17,Introduction to machine learning,Dq9OvZdKPFMJ,Book,https://books.google.com/books?hl=en&lr=&id=tZnSDwAAQBAJ&oi=fnd&pg=PR7&dq=machine%2Blearning&ots=F4SVb-dwCg&sig=cnZwz5JdMLFLbmCua4kc2CsxjSI,… and Machine Learning series appears at the back of this book. … some learning components; actually most such systems would not have been possible today if not for machine learning. …,E Alpaydin - 2020 - books.google.com,E Alpaydin,https://scholar.google.com/citations?user=lXYKgiYAAAAJ&hl=en&num=20&oi=sra,https://serpapi.com/search.json?author_id=lXYKgiYAAAAJ&engine=google_scholar_author&hl=en,lXYKgiYAAAAJ,ufl.edu,PDF,https://www.bme.ufl.edu/wp-content/uploads/2018/07/Fall-2015-Syllabus-BME6938-Machine-Learning.pdf,https://serpapi.com/search.json?engine=google_scholar_cite&hl=en&q=Dq9OvZdKPFMJ,14203,"https://scholar.google.com/scholar?cites=5997750819327225614&as_sdt=5,26&sciodt=0,26&hl=en&num=20",5997750819327225614,https://serpapi.com/search.json?as_sdt=5%2C26&cites=5997750819327225614&engine=google_scholar&hl=en&num=20,"https://scholar.google.com/scholar?q=related:Dq9OvZdKPFMJ:scholar.google.com/&scioq=machine%2Blearning&hl=en&num=20&as_sdt=0,26",https://serpapi.com/search.json?as_sdt=0%2C26&engine=google_scholar&hl=en&num=20&q=related%3ADq9OvZdKPFMJ%3Ascholar.google.com%2F&start=0,30.0,"https://scholar.google.com/scholar?cluster=5997750819327225614&hl=en&num=20&as_sdt=0,26",5997750819327225614,https://serpapi.com/search.json?as_sdt=0%2C26&cluster=5997750819327225614&engine=google_scholar&hl=en&num=20,,,,,,,,,,,,,,,,,,,
18,Introduction to machine learning,FjctrwWYpgkJ,,https://link.springer.com/protocol/10.1007/978-1-62703-748-8_7,"… to the development of sophisticated machine learning approaches for this application area. … of machine learning such as feature assessment, unsupervised versus supervised learning …","Y Baştanlar, M Özuysal - miRNomics: MicroRNA biology and …, 2014 - Springer",Y Baştanlar,https://scholar.google.com/citations?user=3WTNhHYAAAAJ&hl=en&num=20&oi=sra,https://serpapi.com/search.json?author_id=3WTNhHYAAAAJ&engine=google_scholar_author&hl=en,3WTNhHYAAAAJ,iyte.edu.tr,PDF,https://openaccess.iyte.edu.tr/bitstream/11147/5770/1/5770.pdf,https://serpapi.com/search.json?engine=google_scholar_cite&hl=en&q=FjctrwWYpgkJ,480,"https://scholar.google.com/scholar?cites=695410342656554774&as_sdt=5,26&sciodt=0,26&hl=en&num=20",695410342656554774,https://serpapi.com/search.json?as_sdt=5%2C26&cites=695410342656554774&engine=google_scholar&hl=en&num=20,"https://scholar.google.com/scholar?q=related:FjctrwWYpgkJ:scholar.google.com/&scioq=machine%2Blearning&hl=en&num=20&as_sdt=0,26",https://serpapi.com/search.json?as_sdt=0%2C26&engine=google_scholar&hl=en&num=20&q=related%3AFjctrwWYpgkJ%3Ascholar.google.com%2F&start=0,10.0,"https://scholar.google.com/scholar?cluster=695410342656554774&hl=en&num=20&as_sdt=0,26",695410342656554774,https://serpapi.com/search.json?as_sdt=0%2C26&cluster=695410342656554774&engine=google_scholar&hl=en&num=20,M Özuysal,https://scholar.google.com/citations?user=CfT5AZYAAAAJ&hl=en&num=20&oi=sra,https://serpapi.com/search.json?author_id=CfT5AZYAAAAJ&engine=google_scholar_author&hl=en,CfT5AZYAAAAJ,,,,,,,,,,,,,,,
19,Machine learning and its applications to biology,f2c_UU2zgaUJ,,https://journals.plos.org/ploscompbiol/article?id=10.1371/journal.pcbi.0030116,"… and/or supervised machine learning techniques abound in the … Continuous variable prediction with machine learning … both supervised and unsupervised machine learning methods, we …","AL Tarca, VJ Carey, X Chen, R Romero… - PLoS computational …, 2007 - journals.plos.org",AL Tarca,https://scholar.google.com/citations?user=7LASVa0AAAAJ&hl=en&num=20&oi=sra,https://serpapi.com/search.json?author_id=7LASVa0AAAAJ&engine=google_scholar_author&hl=en,7LASVa0AAAAJ,plos.org,PDF,https://journals.plos.org/ploscompbiol/article/file?id=10.1371/journal.pcbi.0030116&type=printable,https://serpapi.com/search.json?engine=google_scholar_cite&hl=en&q=f2c_UU2zgaUJ,775,"https://scholar.google.com/scholar?cites=11926010432910747519&as_sdt=5,26&sciodt=0,26&hl=en&num=20",11926010432910747519,https://serpapi.com/search.json?as_sdt=5%2C26&cites=11926010432910747519&engine=google_scholar&hl=en&num=20,"https://scholar.google.com/scholar?q=related:f2c_UU2zgaUJ:scholar.google.com/&scioq=machine%2Blearning&hl=en&num=20&as_sdt=0,26",https://serpapi.com/search.json?as_sdt=0%2C26&engine=google_scholar&hl=en&num=20&q=related%3Af2c_UU2zgaUJ%3Ascholar.google.com%2F&start=0,22.0,"https://scholar.google.com/scholar?cluster=11926010432910747519&hl=en&num=20&as_sdt=0,26",11926010432910747519,https://serpapi.com/search.json?as_sdt=0%2C26&cluster=11926010432910747519&engine=google_scholar&hl=en&num=20,X Chen,https://scholar.google.com/citations?user=ITvmmNEAAAAJ&hl=en&num=20&oi=sra,https://serpapi.com/search.json?author_id=ITvmmNEAAAAJ&engine=google_scholar_author&hl=en,ITvmmNEAAAAJ,R Romero,https://scholar.google.com/citations?user=vVp3_OoAAAAJ&hl=en&num=20&oi=sra,https://serpapi.com/search.json?author_id=vVp3_OoAAAAJ&engine=google_scholar_author&hl=en,vVp3_OoAAAAJ,,,,,,,,,"https://scholar.googleusercontent.com/scholar?q=cache:f2c_UU2zgaUJ:scholar.google.com/+machine%2Blearning&hl=en&num=20&as_sdt=0,26",,
0,Machine learning basics,p7YVSi5UNiMJ,Pdf,http://whdeng.cn/Teaching/PPT_01_Machine%20learning%20Basics.pdf,"… To obtain theoretical guarantees about generalization of a machine learning algorithm, we … Why does deep learning have different behavior than other machine learning methods for …","H Wang, Z Lei, X Zhang, B Zhou, J Peng - Deep learning, 2016 - whdeng.cn",,,,,whdeng.cn,PDF,http://whdeng.cn/Teaching/PPT_01_Machine%20learning%20Basics.pdf,https://serpapi.com/search.json?engine=google_scholar_cite&hl=en&q=p7YVSi5UNiMJ,1755,"https://scholar.google.com/scholar?cites=2537307997858018983&as_sdt=5,31&sciodt=0,31&hl=en&num=20",2537307997858018983,https://serpapi.com/search.json?as_sdt=5%2C31&cites=2537307997858018983&engine=google_scholar&hl=en&num=20,"https://scholar.google.com/scholar?q=related:p7YVSi5UNiMJ:scholar.google.com/&scioq=machine%2Blearning&hl=en&num=20&as_sdt=0,31",https://serpapi.com/search.json?as_sdt=0%2C31&engine=google_scholar&hl=en&num=20&q=related%3Ap7YVSi5UNiMJ%3Ascholar.google.com%2F&start=20,7.0,"https://scholar.google.com/scholar?cluster=2537307997858018983&hl=en&num=20&as_sdt=0,31",2537307997858018983,https://serpapi.com/search.json?as_sdt=0%2C31&cluster=2537307997858018983&engine=google_scholar&hl=en&num=20,,,,,,,,,,,,,,,,,"http://scholar.googleusercontent.com/scholar?q=cache:p7YVSi5UNiMJ:scholar.google.com/+machine%2Blearning&hl=en&num=20&as_sdt=0,31",,
1,Machine learning algorithms-a review,sR_ChBn63tIJ,Pdf,https://www.researchgate.net/profile/Batta-Mahesh/publication/344717762_Machine_Learning_Algorithms_-A_Review/links/5f8b2365299bf1b53e2d243a/Machine-Learning-Algorithms-A-Review.pdf?eid=5082902844932096,… Here‟sa quick look at some of the commonly used algorithms in machine learning (ML) Supervised Learning Supervised learning is the machine learning task of learning a function …,"B Mahesh - International Journal of Science and Research (IJSR) …, 2020 - researchgate.net",,,,,researchgate.net,PDF,https://www.researchgate.net/profile/Batta-Mahesh/publication/344717762_Machine_Learning_Algorithms_-A_Review/links/5f8b2365299bf1b53e2d243a/Machine-Learning-Algorithms-A-Review.pdf?eid=5082902844932096,https://serpapi.com/search.json?engine=google_scholar_cite&hl=en&q=sR_ChBn63tIJ,2692,"https://scholar.google.com/scholar?cites=15194857180303073201&as_sdt=5,31&sciodt=0,31&hl=en&num=20",15194857180303073201,https://serpapi.com/search.json?as_sdt=5%2C31&cites=15194857180303073201&engine=google_scholar&hl=en&num=20,"https://scholar.google.com/scholar?q=related:sR_ChBn63tIJ:scholar.google.com/&scioq=machine%2Blearning&hl=en&num=20&as_sdt=0,31",https://serpapi.com/search.json?as_sdt=0%2C31&engine=google_scholar&hl=en&num=20&q=related%3AsR_ChBn63tIJ%3Ascholar.google.com%2F&start=20,2.0,"https://scholar.google.com/scholar?cluster=15194857180303073201&hl=en&num=20&as_sdt=0,31",15194857180303073201,https://serpapi.com/search.json?as_sdt=0%2C31&cluster=15194857180303073201&engine=google_scholar&hl=en&num=20,,,,,,,,,,,,,,,,,"https://scholar.googleusercontent.com/scholar?q=cache:sR_ChBn63tIJ:scholar.google.com/+machine%2Blearning&hl=en&num=20&as_sdt=0,31",,
2,On applied research in machine learning,i7tgqUFf020J,Pdf,https://ai.stanford.edu/~ronnyk/editorial.pdf,"… Much of the \science"" of Machine Learning is a … er learning research, that misclassi cation errors have equal costs. The vast majority of classi er learning research in Machine Learning …","F Provost, R Kohavi - MACHINE LEARNING-BOSTON-, 1998 - ai.stanford.edu",F Provost,https://scholar.google.com/citations?user=-Km63D4AAAAJ&hl=en&num=20&oi=sra,https://serpapi.com/search.json?author_id=-Km63D4AAAAJ&engine=google_scholar_author&hl=en,-Km63D4AAAAJ,stanford.edu,PDF,https://ai.stanford.edu/~ronnyk/editorial.pdf,https://serpapi.com/search.json?engine=google_scholar_cite&hl=en&q=i7tgqUFf020J,342,"https://scholar.google.com/scholar?cites=7913773705839295371&as_sdt=5,31&sciodt=0,31&hl=en&num=20",7913773705839295371,https://serpapi.com/search.json?as_sdt=5%2C31&cites=7913773705839295371&engine=google_scholar&hl=en&num=20,"https://scholar.google.com/scholar?q=related:i7tgqUFf020J:scholar.google.com/&scioq=machine%2Blearning&hl=en&num=20&as_sdt=0,31",https://serpapi.com/search.json?as_sdt=0%2C31&engine=google_scholar&hl=en&num=20&q=related%3Ai7tgqUFf020J%3Ascholar.google.com%2F&start=20,12.0,"https://scholar.google.com/scholar?cluster=7913773705839295371&hl=en&num=20&as_sdt=0,31",7913773705839295371,https://serpapi.com/search.json?as_sdt=0%2C31&cluster=7913773705839295371&engine=google_scholar&hl=en&num=20,R Kohavi,https://scholar.google.com/citations?user=O3RYHGwAAAAJ&hl=en&num=20&oi=sra,https://serpapi.com/search.json?author_id=O3RYHGwAAAAJ&engine=google_scholar_author&hl=en,O3RYHGwAAAAJ,,,,,,,,,,,,,"https://scholar.googleusercontent.com/scholar?q=cache:i7tgqUFf020J:scholar.google.com/+machine%2Blearning&hl=en&num=20&as_sdt=0,31",,
3,Introduction to machine learning,HNlSsht4BacJ,Book,https://books.google.com/books?hl=en&lr=&id=AQyjBQAAQBAJ&oi=fnd&pg=PP1&dq=machine%2Blearning&ots=XqpQ5BIcJO&sig=O0ZiN11lkxlWUzX6gO_Tl0JAn7o,"… own contribution to inductive machine learning. Special thanks are … learning in Artificial Intelligence, entitled ""Machine Learning: An Artificial Intelligence Approach"". ""Machine Learning…",Y Kodratoff - 2014 - books.google.com,,,,,,,,https://serpapi.com/search.json?engine=google_scholar_cite&hl=en&q=HNlSsht4BacJ,288,"https://scholar.google.com/scholar?cites=12035157639568742684&as_sdt=5,31&sciodt=0,31&hl=en&num=20",12035157639568742684,https://serpapi.com/search.json?as_sdt=5%2C31&cites=12035157639568742684&engine=google_scholar&hl=en&num=20,"https://scholar.google.com/scholar?q=related:HNlSsht4BacJ:scholar.google.com/&scioq=machine%2Blearning&hl=en&num=20&as_sdt=0,31",https://serpapi.com/search.json?as_sdt=0%2C31&engine=google_scholar&hl=en&num=20&q=related%3AHNlSsht4BacJ%3Ascholar.google.com%2F&start=20,6.0,"https://scholar.google.com/scholar?cluster=12035157639568742684&hl=en&num=20&as_sdt=0,31",12035157639568742684,https://serpapi.com/search.json?as_sdt=0%2C31&cluster=12035157639568742684&engine=google_scholar&hl=en&num=20,,,,,,,,,,,,,,,,,,,
4,Machine learning foundations,3QKFEU-v2wwJ,,https://link.springer.com/content/pdf/10.1007/978-3-030-65900-4.pdf,"… knowledge about machine learning by exploring learning theories, … of machine learning algorithms: the supervised, the unsupervised, the reinforced, and the semi-supervised learning. …","T Jo - Machine Learning Foundations. Springer Nature …, 2021 - Springer",T Jo,https://scholar.google.com/citations?user=HSS_xcUAAAAJ&hl=en&num=20&oi=sra,https://serpapi.com/search.json?author_id=HSS_xcUAAAAJ&engine=google_scholar_author&hl=en,HSS_xcUAAAAJ,,,,https://serpapi.com/search.json?engine=google_scholar_cite&hl=en&q=3QKFEU-v2wwJ,126,"https://scholar.google.com/scholar?cites=926526902485975773&as_sdt=5,31&sciodt=0,31&hl=en&num=20",926526902485975773,https://serpapi.com/search.json?as_sdt=5%2C31&cites=926526902485975773&engine=google_scholar&hl=en&num=20,"https://scholar.google.com/scholar?q=related:3QKFEU-v2wwJ:scholar.google.com/&scioq=machine%2Blearning&hl=en&num=20&as_sdt=0,31",https://serpapi.com/search.json?as_sdt=0%2C31&engine=google_scholar&hl=en&num=20&q=related%3A3QKFEU-v2wwJ%3Ascholar.google.com%2F&start=20,4.0,"https://scholar.google.com/scholar?cluster=926526902485975773&hl=en&num=20&as_sdt=0,31",926526902485975773,https://serpapi.com/search.json?as_sdt=0%2C31&cluster=926526902485975773&engine=google_scholar&hl=en&num=20,,,,,,,,,,,,,,,,,,,
5,Machine learning: the basics,n3nQQlOitCkJ,Book,https://books.google.com/books?hl=en&lr=&id=1IBaEAAAQBAJ&oi=fnd&pg=PR8&dq=machine%2Blearning&ots=XT7OCouGYZ&sig=qR5f-VueLCXMPN4wf5BB6FqRzdo,"Machine learning (ML) has become a commonplace element in our everyday lives and a standard tool for many fields of science and engineering. To make optimal use of ML, it is …",A Jung - 2022 - books.google.com,A Jung,https://scholar.google.com/citations?user=mHjdZdwAAAAJ&hl=en&num=20&oi=sra,https://serpapi.com/search.json?author_id=mHjdZdwAAAAJ&engine=google_scholar_author&hl=en,mHjdZdwAAAAJ,,,,https://serpapi.com/search.json?engine=google_scholar_cite&hl=en&q=n3nQQlOitCkJ,105,"https://scholar.google.com/scholar?cites=3005205329849907615&as_sdt=5,31&sciodt=0,31&hl=en&num=20",3005205329849907615,https://serpapi.com/search.json?as_sdt=5%2C31&cites=3005205329849907615&engine=google_scholar&hl=en&num=20,"https://scholar.google.com/scholar?q=related:n3nQQlOitCkJ:scholar.google.com/&scioq=machine%2Blearning&hl=en&num=20&as_sdt=0,31",https://serpapi.com/search.json?as_sdt=0%2C31&engine=google_scholar&hl=en&num=20&q=related%3An3nQQlOitCkJ%3Ascholar.google.com%2F&start=20,2.0,"https://scholar.google.com/scholar?cluster=3005205329849907615&hl=en&num=20&as_sdt=0,31",3005205329849907615,https://serpapi.com/search.json?as_sdt=0%2C31&cluster=3005205329849907615&engine=google_scholar&hl=en&num=20,,,,,,,,,,,,,,,,,,,
6,A guide to machine learning for biologists,sBoxKwbXv3kJ,,https://www.nature.com/articles/s41580-021-00407-0,"… A machine learning task is an objective specification for what we want a machine learning model to accomplish. For example, for an experiment investigating the expression of genes …","JG Greener, SM Kandathil, L Moffat… - Nature reviews Molecular …, 2022 - nature.com",JG Greener,https://scholar.google.com/citations?user=IG6H3tIAAAAJ&hl=en&num=20&oi=sra,https://serpapi.com/search.json?author_id=IG6H3tIAAAAJ&engine=google_scholar_author&hl=en,IG6H3tIAAAAJ,ucl.ac.uk,PDF,https://discovery.ucl.ac.uk/id/eprint/10134478/1/NRMCB-review-accepted-forRPS.pdf,https://serpapi.com/search.json?engine=google_scholar_cite&hl=en&q=sBoxKwbXv3kJ,885,"https://scholar.google.com/scholar?cites=8772967020635429552&as_sdt=5,31&sciodt=0,31&hl=en&num=20",8772967020635429552,https://serpapi.com/search.json?as_sdt=5%2C31&cites=8772967020635429552&engine=google_scholar&hl=en&num=20,"https://scholar.google.com/scholar?q=related:sBoxKwbXv3kJ:scholar.google.com/&scioq=machine%2Blearning&hl=en&num=20&as_sdt=0,31",https://serpapi.com/search.json?as_sdt=0%2C31&engine=google_scholar&hl=en&num=20&q=related%3AsBoxKwbXv3kJ%3Ascholar.google.com%2F&start=20,6.0,"https://scholar.google.com/scholar?cluster=8772967020635429552&hl=en&num=20&as_sdt=0,31",8772967020635429552,https://serpapi.com/search.json?as_sdt=0%2C31&cluster=8772967020635429552&engine=google_scholar&hl=en&num=20,SM Kandathil,https://scholar.google.com/citations?user=4yN-OTMAAAAJ&hl=en&num=20&oi=sra,https://serpapi.com/search.json?author_id=4yN-OTMAAAAJ&engine=google_scholar_author&hl=en,4yN-OTMAAAAJ,L Moffat,https://scholar.google.com/citations?user=MbkcjpgAAAAJ&hl=en&num=20&oi=sra,https://serpapi.com/search.json?author_id=MbkcjpgAAAAJ&engine=google_scholar_author&hl=en,MbkcjpgAAAAJ,,,,,,,,,,,
7,Machine learning from theory to algorithms: an overview,YtXfVHL-I_YJ,,https://iopscience.iop.org/article/10.1088/1742-6596/1142/1/012012/meta,"… The primary intent of this work is to give insight into why machine learning is the future. … of development of Machine Learning to the present day, various machine learning algorithms, …","J Alzubi, A Nayyar, A Kumar - Journal of physics: conference …, 2018 - iopscience.iop.org",J Alzubi,https://scholar.google.com/citations?user=9c3pVfUAAAAJ&hl=en&num=20&oi=sra,https://serpapi.com/search.json?author_id=9c3pVfUAAAAJ&engine=google_scholar_author&hl=en,9c3pVfUAAAAJ,iop.org,PDF,https://iopscience.iop.org/article/10.1088/1742-6596/1142/1/012012/pdf,https://serpapi.com/search.json?engine=google_scholar_cite&hl=en&q=YtXfVHL-I_YJ,768,"https://scholar.google.com/scholar?cites=17736299524518827362&as_sdt=5,31&sciodt=0,31&hl=en&num=20",17736299524518827362,https://serpapi.com/search.json?as_sdt=5%2C31&cites=17736299524518827362&engine=google_scholar&hl=en&num=20,"https://scholar.google.com/scholar?q=related:YtXfVHL-I_YJ:scholar.google.com/&scioq=machine%2Blearning&hl=en&num=20&as_sdt=0,31",https://serpapi.com/search.json?as_sdt=0%2C31&engine=google_scholar&hl=en&num=20&q=related%3AYtXfVHL-I_YJ%3Ascholar.google.com%2F&start=20,6.0,"https://scholar.google.com/scholar?cluster=17736299524518827362&hl=en&num=20&as_sdt=0,31",17736299524518827362,https://serpapi.com/search.json?as_sdt=0%2C31&cluster=17736299524518827362&engine=google_scholar&hl=en&num=20,A Nayyar,https://scholar.google.com/citations?user=7uvZuX8AAAAJ&hl=en&num=20&oi=sra,https://serpapi.com/search.json?author_id=7uvZuX8AAAAJ&engine=google_scholar_author&hl=en,7uvZuX8AAAAJ,A Kumar,https://scholar.google.com/citations?user=b90f64MAAAAJ&hl=en&num=20&oi=sra,https://serpapi.com/search.json?author_id=b90f64MAAAAJ&engine=google_scholar_author&hl=en,b90f64MAAAAJ,,,,,,,,,,,
8,Machine learning: a probabilistic perspective,7pTn8Tq_R5UJ,Book,https://books.google.com/books?hl=en&lr=&id=RC43AgAAQBAJ&oi=fnd&pg=PR7&dq=machine%2Blearning&ots=ungAfDTx3b&sig=AKBmeLTzZMq_YZZfSpYm48ffq2U,"… , which is what machine learning provides. In particular, we define machine learning as a set … In machine learning, uncertainty comes in many forms: what is the best prediction about the …",KP Murphy - 2012 - books.google.com,,,,,,,,https://serpapi.com/search.json?engine=google_scholar_cite&hl=en&q=7pTn8Tq_R5UJ,15762,"https://scholar.google.com/scholar?cites=10756776494885213422&as_sdt=5,31&sciodt=0,31&hl=en&num=20",10756776494885213422,https://serpapi.com/search.json?as_sdt=5%2C31&cites=10756776494885213422&engine=google_scholar&hl=en&num=20,"https://scholar.google.com/scholar?q=related:7pTn8Tq_R5UJ:scholar.google.com/&scioq=machine%2Blearning&hl=en&num=20&as_sdt=0,31",https://serpapi.com/search.json?as_sdt=0%2C31&engine=google_scholar&hl=en&num=20&q=related%3A7pTn8Tq_R5UJ%3Ascholar.google.com%2F&start=20,7.0,"https://scholar.google.com/scholar?cluster=10756776494885213422&hl=en&num=20&as_sdt=0,31",10756776494885213422,https://serpapi.com/search.json?as_sdt=0%2C31&cluster=10756776494885213422&engine=google_scholar&hl=en&num=20,,,,,,,,,,,,,,,,,,,
9,An overview of machine learning,0nyGFoiNDiIJ,,https://www.sciencedirect.com/science/article/pii/B9780080510545500054,"… of machine learning. The study and computer modeling of learning processes in their multiple manifestations constitutes the subject matter of machine learning. At present, the field of …","JG Carbonell, RS Michalski, TM Mitchell - Machine learning, 1983 - Elsevier",TM Mitchell,https://scholar.google.com/citations?user=MnfzuPYAAAAJ&hl=en&num=20&oi=sra,https://serpapi.com/search.json?author_id=MnfzuPYAAAAJ&engine=google_scholar_author&hl=en,MnfzuPYAAAAJ,,,,https://serpapi.com/search.json?engine=google_scholar_cite&hl=en&q=0nyGFoiNDiIJ,970,"https://scholar.google.com/scholar?cites=2454054462596480210&as_sdt=5,31&sciodt=0,31&hl=en&num=20",2454054462596480210,https://serpapi.com/search.json?as_sdt=5%2C31&cites=2454054462596480210&engine=google_scholar&hl=en&num=20,"https://scholar.google.com/scholar?q=related:0nyGFoiNDiIJ:scholar.google.com/&scioq=machine%2Blearning&hl=en&num=20&as_sdt=0,31",https://serpapi.com/search.json?as_sdt=0%2C31&engine=google_scholar&hl=en&num=20&q=related%3A0nyGFoiNDiIJ%3Ascholar.google.com%2F&start=20,4.0,"https://scholar.google.com/scholar?cluster=2454054462596480210&hl=en&num=20&as_sdt=0,31",2454054462596480210,https://serpapi.com/search.json?as_sdt=0%2C31&cluster=2454054462596480210&engine=google_scholar&hl=en&num=20,,,,,,,,,,,,,,,,,,,
10,An introduction to machine learning,mhrZL_8iLVYJ,Book,https://link.springer.com/content/pdf/10.1007/978-3-319-63913-0.pdf,"Machine learning has come of age. And just in case you might think this is a mere platitude, … Machine learning remained an underdog, condemned to live in the shadow of more …",M Kubat - 2017 - Springer,,,,,mksu.ac.ke,PDF,http://ir.mksu.ac.ke/bitstream/handle/123456780/6293/2017_Book_AnIntroductionToMachineLearnin.pdf?sequence=1&isAllowed=y,https://serpapi.com/search.json?engine=google_scholar_cite&hl=en&q=mhrZL_8iLVYJ,996,"https://scholar.google.com/scholar?cites=6209657940628544154&as_sdt=5,31&sciodt=0,31&hl=en&num=20",6209657940628544154,https://serpapi.com/search.json?as_sdt=5%2C31&cites=6209657940628544154&engine=google_scholar&hl=en&num=20,"https://scholar.google.com/scholar?q=related:mhrZL_8iLVYJ:scholar.google.com/&scioq=machine%2Blearning&hl=en&num=20&as_sdt=0,31",https://serpapi.com/search.json?as_sdt=0%2C31&engine=google_scholar&hl=en&num=20&q=related%3AmhrZL_8iLVYJ%3Ascholar.google.com%2F&start=20,30.0,"https://scholar.google.com/scholar?cluster=6209657940628544154&hl=en&num=20&as_sdt=0,31",6209657940628544154,https://serpapi.com/search.json?as_sdt=0%2C31&cluster=6209657940628544154&engine=google_scholar&hl=en&num=20,,,,,,,,,,,,,,,,,,,
11,International conference on machine learning,gUoVCWuQbkcJ,Pdf,https://par.nsf.gov/servlets/purl/10418406,"In this paper, we make the key delineation on the roles of resolution and statistical uncertainty in hierarchical bandits-based black-box optimization algorithms, guiding a more general …","W Li, C Wang, G Cheng, Q Song - Transactions on machine learning …, 2023 - par.nsf.gov",G Cheng,https://scholar.google.com/citations?user=KoXUMbsAAAAJ&hl=en&num=20&oi=sra,https://serpapi.com/search.json?author_id=KoXUMbsAAAAJ&engine=google_scholar_author&hl=en,KoXUMbsAAAAJ,nsf.gov,PDF,https://par.nsf.gov/servlets/purl/10418406,https://serpapi.com/search.json?engine=google_scholar_cite&hl=en&q=gUoVCWuQbkcJ,1662,"https://scholar.google.com/scholar?cites=5147210213519346305&as_sdt=5,31&sciodt=0,31&hl=en&num=20",5147210213519346305,https://serpapi.com/search.json?as_sdt=5%2C31&cites=5147210213519346305&engine=google_scholar&hl=en&num=20,"https://scholar.google.com/scholar?q=related:gUoVCWuQbkcJ:scholar.google.com/&scioq=machine%2Blearning&hl=en&num=20&as_sdt=0,31",https://serpapi.com/search.json?as_sdt=0%2C31&engine=google_scholar&hl=en&num=20&q=related%3AgUoVCWuQbkcJ%3Ascholar.google.com%2F&start=20,,,,,,,,,,,,,,,,,,,,,"https://scholar.googleusercontent.com/scholar?q=cache:gUoVCWuQbkcJ:scholar.google.com/+machine%2Blearning&hl=en&num=20&as_sdt=0,31",,
12,Introduction to machine learning,lRUEDDnm-ekJ,Pdf,https://www.academia.edu/download/63588567/An_Introduction_to_Machine_Learning_-_Machine_Learning_Summer20200610-33267-6wsump.pdf,… What is not machine learning … Is it because you are interested in learning that that you came to me? … The features themselves have to be useful for the learning problem at hand. Quite …,"A Smola, SVN Vishwanathan - Cambridge University, UK, 2008 - academia.edu",A Smola,https://scholar.google.com/citations?user=Tb0ZrYwAAAAJ&hl=en&num=20&oi=sra,https://serpapi.com/search.json?author_id=Tb0ZrYwAAAAJ&engine=google_scholar_author&hl=en,Tb0ZrYwAAAAJ,academia.edu,PDF,https://www.academia.edu/download/63588567/An_Introduction_to_Machine_Learning_-_Machine_Learning_Summer20200610-33267-6wsump.pdf,https://serpapi.com/search.json?engine=google_scholar_cite&hl=en&q=lRUEDDnm-ekJ,765,"https://scholar.google.com/scholar?cites=16859759812727281045&as_sdt=5,31&sciodt=0,31&hl=en&num=20",16859759812727281045,https://serpapi.com/search.json?as_sdt=5%2C31&cites=16859759812727281045&engine=google_scholar&hl=en&num=20,"https://scholar.google.com/scholar?q=related:lRUEDDnm-ekJ:scholar.google.com/&scioq=machine%2Blearning&hl=en&num=20&as_sdt=0,31",https://serpapi.com/search.json?as_sdt=0%2C31&engine=google_scholar&hl=en&num=20&q=related%3AlRUEDDnm-ekJ%3Ascholar.google.com%2F&start=20,5.0,"https://scholar.google.com/scholar?cluster=16859759812727281045&hl=en&num=20&as_sdt=0,31",16859759812727281045,https://serpapi.com/search.json?as_sdt=0%2C31&cluster=16859759812727281045&engine=google_scholar&hl=en&num=20,SVN Vishwanathan,https://scholar.google.com/citations?user=tqcSvFIAAAAJ&hl=en&num=20&oi=sra,https://serpapi.com/search.json?author_id=tqcSvFIAAAAJ&engine=google_scholar_author&hl=en,tqcSvFIAAAAJ,,,,,,,,,,,,,"https://scholar.googleusercontent.com/scholar?q=cache:lRUEDDnm-ekJ:scholar.google.com/+machine%2Blearning&hl=en&num=20&as_sdt=0,31",,
13,Machine learning and law: An overview,nLsZrNC4QDEJ,,https://www.elgaronline.com/abstract/edcoll/9781788972819/9781788972819.00014.xml,"… , machine learning has only recently started to develop. This chapter explores machine learning’s … The first section describes what machine learning is, highlighting its central principles. …","H Surden - Research Handbook on Big Data Law, 2021 - elgaronline.com",H Surden,https://scholar.google.com/citations?user=YBuBwXEAAAAJ&hl=en&num=20&oi=sra,https://serpapi.com/search.json?author_id=YBuBwXEAAAAJ&engine=google_scholar_author&hl=en,YBuBwXEAAAAJ,colorado.edu,PDF,https://scholar.law.colorado.edu/cgi/viewcontent.cgi?article=1088&context=faculty-articles,https://serpapi.com/search.json?engine=google_scholar_cite&hl=en&q=nLsZrNC4QDEJ,806,"https://scholar.google.com/scholar?cites=3549039712748026780&as_sdt=5,31&sciodt=0,31&hl=en&num=20",3549039712748026780,https://serpapi.com/search.json?as_sdt=5%2C31&cites=3549039712748026780&engine=google_scholar&hl=en&num=20,"https://scholar.google.com/scholar?q=related:nLsZrNC4QDEJ:scholar.google.com/&scioq=machine%2Blearning&hl=en&num=20&as_sdt=0,31",https://serpapi.com/search.json?as_sdt=0%2C31&engine=google_scholar&hl=en&num=20&q=related%3AnLsZrNC4QDEJ%3Ascholar.google.com%2F&start=20,10.0,"https://scholar.google.com/scholar?cluster=3549039712748026780&hl=en&num=20&as_sdt=0,31",3549039712748026780,https://serpapi.com/search.json?as_sdt=0%2C31&cluster=3549039712748026780&engine=google_scholar&hl=en&num=20,,,,,,,,,,,,,,,,,,,
14,The impact of machine learning on economics,YttJRiWtUDwJ,,https://www.degruyter.com/document/doi/10.7208/9780226613475-023/pdf?licenseType=restricted,"… I believe that machine learning (ML) will have a dramatic impact on the field of economics … literature in econometrics and statistics combining machine learning and causal inference, a …","S Athey - The economics of artificial intelligence: An agenda, 2018 - degruyter.com",S Athey,https://scholar.google.com/citations?user=UdaJi94AAAAJ&hl=en&num=20&oi=sra,https://serpapi.com/search.json?author_id=UdaJi94AAAAJ&engine=google_scholar_author&hl=en,UdaJi94AAAAJ,nber.org,PDF,https://www.nber.org/system/files/chapters/c14009/c14009.pdf,https://serpapi.com/search.json?engine=google_scholar_cite&hl=en&q=YttJRiWtUDwJ,960,"https://scholar.google.com/scholar?cites=4346164016017169250&as_sdt=5,31&sciodt=0,31&hl=en&num=20",4346164016017169250,https://serpapi.com/search.json?as_sdt=5%2C31&cites=4346164016017169250&engine=google_scholar&hl=en&num=20,"https://scholar.google.com/scholar?q=related:YttJRiWtUDwJ:scholar.google.com/&scioq=machine%2Blearning&hl=en&num=20&as_sdt=0,31",https://serpapi.com/search.json?as_sdt=0%2C31&engine=google_scholar&hl=en&num=20&q=related%3AYttJRiWtUDwJ%3Ascholar.google.com%2F&start=20,16.0,"https://scholar.google.com/scholar?cluster=4346164016017169250&hl=en&num=20&as_sdt=0,31",4346164016017169250,https://serpapi.com/search.json?as_sdt=0%2C31&cluster=4346164016017169250&engine=google_scholar&hl=en&num=20,,,,,,,,,,,,,,,,,,,
15,Learnware: on the future of machine learning.,nQv81wr-ELgJ,Pdf,https://www.lamda.nju.edu.cn/publication/fcs16learnware.pdf,"… Current machine learning techniques have achieved great … be shared in most current machine learning studies if one hopes … Thus, it is hard for people to build their learning tasks based …","ZH Zhou - Frontiers Comput. Sci., 2016 - lamda.nju.edu.cn",ZH Zhou,https://scholar.google.com/citations?user=rSVIHasAAAAJ&hl=en&num=20&oi=sra,https://serpapi.com/search.json?author_id=rSVIHasAAAAJ&engine=google_scholar_author&hl=en,rSVIHasAAAAJ,nju.edu.cn,PDF,https://www.lamda.nju.edu.cn/publication/fcs16learnware.pdf,https://serpapi.com/search.json?engine=google_scholar_cite&hl=en&q=nQv81wr-ELgJ,162,"https://scholar.google.com/scholar?cites=13263380225132858269&as_sdt=5,31&sciodt=0,31&hl=en&num=20",13263380225132858269,https://serpapi.com/search.json?as_sdt=5%2C31&cites=13263380225132858269&engine=google_scholar&hl=en&num=20,"https://scholar.google.com/scholar?q=related:nQv81wr-ELgJ:scholar.google.com/&scioq=machine%2Blearning&hl=en&num=20&as_sdt=0,31",https://serpapi.com/search.json?as_sdt=0%2C31&engine=google_scholar&hl=en&num=20&q=related%3AnQv81wr-ELgJ%3Ascholar.google.com%2F&start=20,12.0,"https://scholar.google.com/scholar?cluster=13263380225132858269&hl=en&num=20&as_sdt=0,31",13263380225132858269,https://serpapi.com/search.json?as_sdt=0%2C31&cluster=13263380225132858269&engine=google_scholar&hl=en&num=20,,,,,,,,,,,,,,,,,"https://scholar.googleusercontent.com/scholar?q=cache:nQv81wr-ELgJ:scholar.google.com/+machine%2Blearning&hl=en&num=20&as_sdt=0,31",,
16,Does machine learning really work?,ENLOb3pbqPAJ,,https://ojs.aaai.org/aimagazine/index.php/aimagazine/article/view/1303,"… s Does machine learning really work? Yes. Over the past decade, machine learning has … Machine-learning algorithms have now learned to detect credit card fraud by mining data on …","TM Mitchell - AI magazine, 1997 - ojs.aaai.org",TM Mitchell,https://scholar.google.com/citations?user=MnfzuPYAAAAJ&hl=en&num=20&oi=sra,https://serpapi.com/search.json?author_id=MnfzuPYAAAAJ&engine=google_scholar_author&hl=en,MnfzuPYAAAAJ,aaai.org,PDF,https://ojs.aaai.org/aimagazine/index.php/aimagazine/article/download/1303/1204/,https://serpapi.com/search.json?engine=google_scholar_cite&hl=en&q=ENLOb3pbqPAJ,418,"https://scholar.google.com/scholar?cites=17341210946610057744&as_sdt=5,31&sciodt=0,31&hl=en&num=20",17341210946610057744,https://serpapi.com/search.json?as_sdt=5%2C31&cites=17341210946610057744&engine=google_scholar&hl=en&num=20,"https://scholar.google.com/scholar?q=related:ENLOb3pbqPAJ:scholar.google.com/&scioq=machine%2Blearning&hl=en&num=20&as_sdt=0,31",https://serpapi.com/search.json?as_sdt=0%2C31&engine=google_scholar&hl=en&num=20&q=related%3AENLOb3pbqPAJ%3Ascholar.google.com%2F&start=20,10.0,"https://scholar.google.com/scholar?cluster=17341210946610057744&hl=en&num=20&as_sdt=0,31",17341210946610057744,https://serpapi.com/search.json?as_sdt=0%2C31&cluster=17341210946610057744&engine=google_scholar&hl=en&num=20,,,,,,,,,,,,,,,,,"https://scholar.googleusercontent.com/scholar?q=cache:ENLOb3pbqPAJ:scholar.google.com/+machine%2Blearning&hl=en&num=20&as_sdt=0,31",Full View,"https://scholar.google.com/scholar?output=instlink&q=info:ENLOb3pbqPAJ:scholar.google.com/&hl=en&num=20&as_sdt=0,31&scillfp=8635614649170361190&oi=lle"
17,Real-world machine learning,hEQGaT4RHLgJ,Book,https://books.google.com/books?hl=en&lr=&id=zTczEAAAQBAJ&oi=fnd&pg=PT13&dq=machine%2Blearning&ots=LUzyvnHJpm&sig=fnkTT7Ck2uHg2Bi3XM1eX1YR3YA,"… the day-to-day practice of machine learning, preparing you to successfully build and deploy … About the Technology Machine learning systems help you find valuable insights and …","H Brink, J Richards, M Fetherolf - 2016 - books.google.com",J Richards,https://scholar.google.com/citations?user=5cg_wrUAAAAJ&hl=en&num=20&oi=sra,https://serpapi.com/search.json?author_id=5cg_wrUAAAAJ&engine=google_scholar_author&hl=en,5cg_wrUAAAAJ,,,,https://serpapi.com/search.json?engine=google_scholar_cite&hl=en&q=hEQGaT4RHLgJ,271,"https://scholar.google.com/scholar?cites=13266497562074301572&as_sdt=5,31&sciodt=0,31&hl=en&num=20",13266497562074301572,https://serpapi.com/search.json?as_sdt=5%2C31&cites=13266497562074301572&engine=google_scholar&hl=en&num=20,"https://scholar.google.com/scholar?q=related:hEQGaT4RHLgJ:scholar.google.com/&scioq=machine%2Blearning&hl=en&num=20&as_sdt=0,31",https://serpapi.com/search.json?as_sdt=0%2C31&engine=google_scholar&hl=en&num=20&q=related%3AhEQGaT4RHLgJ%3Ascholar.google.com%2F&start=20,4.0,"https://scholar.google.com/scholar?cluster=13266497562074301572&hl=en&num=20&as_sdt=0,31",13266497562074301572,https://serpapi.com/search.json?as_sdt=0%2C31&cluster=13266497562074301572&engine=google_scholar&hl=en&num=20,,,,,,,,,,,,,,,,,,,
18,Mlaas: Machine learning as a service,Bjgmb6hG5P4J,,https://ieeexplore.ieee.org/abstract/document/7424435/,"… own machine learning solutions. … learning curve of how machine learning works and when building their own solutions or integrating with third-party ones. In addition, machine learning …","M Ribeiro, K Grolinger… - … on machine learning and …, 2015 - ieeexplore.ieee.org",K Grolinger,https://scholar.google.com/citations?user=xduTju8AAAAJ&hl=en&num=20&oi=sra,https://serpapi.com/search.json?author_id=xduTju8AAAAJ&engine=google_scholar_author&hl=en,xduTju8AAAAJ,uwo.ca,PDF,https://ir.lib.uwo.ca/cgi/viewcontent.cgi?article=1123&context=electricalpub,https://serpapi.com/search.json?engine=google_scholar_cite&hl=en&q=Bjgmb6hG5P4J,441,"https://scholar.google.com/scholar?cites=18366882869556951046&as_sdt=5,31&sciodt=0,31&hl=en&num=20",18366882869556951046,https://serpapi.com/search.json?as_sdt=5%2C31&cites=18366882869556951046&engine=google_scholar&hl=en&num=20,"https://scholar.google.com/scholar?q=related:Bjgmb6hG5P4J:scholar.google.com/&scioq=machine%2Blearning&hl=en&num=20&as_sdt=0,31",https://serpapi.com/search.json?as_sdt=0%2C31&engine=google_scholar&hl=en&num=20&q=related%3ABjgmb6hG5P4J%3Ascholar.google.com%2F&start=20,12.0,"https://scholar.google.com/scholar?cluster=18366882869556951046&hl=en&num=20&as_sdt=0,31",18366882869556951046,https://serpapi.com/search.json?as_sdt=0%2C31&cluster=18366882869556951046&engine=google_scholar&hl=en&num=20,,,,,,,,,,,,,,,,,,,
19,An introduction to machine learning,rFiFlfWqOmwJ,,https://ascpt.onlinelibrary.wiley.com/doi/abs/10.1002/cpt.1796,"… , combined with the arrival of novel learning methods, has led to a … However, the idea of a computer learning some abstract … On the left, we indicate the machine learning terminology and…","S Badillo, B Banfai, F Birzele, II Davydov… - Clinical …, 2020 - Wiley Online Library",II Davydov,https://scholar.google.com/citations?user=6Np87k0AAAAJ&hl=en&num=20&oi=sra,https://serpapi.com/search.json?author_id=6Np87k0AAAAJ&engine=google_scholar_author&hl=en,6Np87k0AAAAJ,wiley.com,PDF,https://ascpt.onlinelibrary.wiley.com/doi/pdfdirect/10.1002/cpt.1796,https://serpapi.com/search.json?engine=google_scholar_cite&hl=en&q=rFiFlfWqOmwJ,348,"https://scholar.google.com/scholar?cites=7798733676497688748&as_sdt=5,31&sciodt=0,31&hl=en&num=20",7798733676497688748,https://serpapi.com/search.json?as_sdt=5%2C31&cites=7798733676497688748&engine=google_scholar&hl=en&num=20,"https://scholar.google.com/scholar?q=related:rFiFlfWqOmwJ:scholar.google.com/&scioq=machine%2Blearning&hl=en&num=20&as_sdt=0,31",https://serpapi.com/search.json?as_sdt=0%2C31&engine=google_scholar&hl=en&num=20&q=related%3ArFiFlfWqOmwJ%3Ascholar.google.com%2F&start=20,7.0,"https://scholar.google.com/scholar?cluster=7798733676497688748&hl=en&num=20&as_sdt=0,31",7798733676497688748,https://serpapi.com/search.json?as_sdt=0%2C31&cluster=7798733676497688748&engine=google_scholar&hl=en&num=20,,,,,,,,,,,,,,,,,,,
